{"cfg": {"map_depth": 600, "map_width": 600, "map_heigth": 100, "occup_unkn": -128, "occup_min": 0, "occup_max": 12, "occup_thr": 8, "ray_miss_incr": -1, "ray_hit_incr": 8, "map_resolution": 0.5, "use_opencv_imaging": false, "use_rgb_imaging": false, "dimg_stride": 2, "dimg_min_depth": 1, "dimg_max_depth": 50, "goal_off": [-180.0, -90.0, 2.0], "goal_off_vox": [], "use_drrt": false, "use_a_star": true, "max_a_star_iters": 1000, "unf_max_iters_incr": 200, "path_drift_tolerance": 3.0, "path_heigth_pos_vox_tol": 2, "path_heigth_neg_vox_tol": -2, "path_heigth_pos_real_tol": 3, "path_heigth_neg_real_tol": -3, "unf_neg_tol_incr": 0, "unf_pos_tol_incr": 1, "use_real_heigth_tolerances": true, "unf_plan_limit": 5, "publish_occup_intensities": true, "publish_occup": false, "publish_empty": false, "publish_pose": true, "publish_path": true, "publish_plan": true, "reset_sim": true, "exit_on_goal": true, "camera_name": "fc", "max_sim_freq": 20, "speed": 5.0, "no_path_watchdog_cnt": 50, "collision_watchdog_cnt": 50, "max_steps": 5000, "goal_err": 5}, "log": [{"idx": 0, "real_pos": [0.30000001192092896, -0.0, 1.6773884296417236], "real_ori": [-0.0, -0.0, -0.0, 1.0], "vel": [0.0, -0.0, -0.023105604574084282], "acc": [0.0, -0.0, -0.2974824905395508], "ang_vel": [0.0, -0.0, -0.0], "ang_acc": [0.0, -0.0, -0.0], "has_col": true, "col_obj_id": 171, "time_start": 1733075566.5686152, "pcd_len": 6312, "ch_pts_len": 21144, "plan_len": 0, "replan_cnt": 1, "map_pos": [0.30000001192092896, 0.0, 1.6773884296417236], "plan_pos": [0.30000001192092896, 0.0, 1.6773884296417236], "time_end": 1733075567.7551994, "gloal_reached": false}, {"idx": 1, "real_pos": [0.30000001192092896, -0.0, 1.6485809087753296], "real_ori": [-0.0, -0.0, -0.0, 1.0], "vel": [0.0, -0.0, 0.009458523243665695], "acc": [0.0, -0.0, 0.02070331573486328], "ang_vel": [0.0, -0.0, -0.0], "ang_acc": [0.0, -0.0, -0.0], "has_col": false, "col_obj_id": 171, "time_start": 1733075567.762361, "pcd_len": 6319, "ch_pts_len": 5856, "plan_len": 0, "replan_cnt": 2, "map_pos": [0.30000001192092896, 0.0, 1.6773884296417236], "plan_pos": [0.30000001192092896, 0.0, 1.6773884296417236], "time_end": 1733075567.8706338, "gloal_reached": false}, {"idx": 2, "real_pos": [0.30000001192092896, -0.0, 1.6495684385299683], "real_ori": [-0.0, -0.0, -0.0, 1.0], "vel": [0.0, -0.0, 0.011196083389222622], "acc": [0.0, -0.0, 0.013657569885253906], "ang_vel": [0.0, -0.0, -0.0], "ang_acc": [0.0, -0.0, -0.0], "has_col": false, "col_obj_id": 171, "time_start": 1733075567.8762822, "pcd_len": 6320, "ch_pts_len": 1278, "plan_len": 0, "replan_cnt": 3, "map_pos": [0.30000001192092896, 0.0, 1.6773884296417236], "plan_pos": [0.30000001192092896, 0.0, 1.6773884296417236], "time_end": 1733075567.966389, "gloal_reached": false}, {"idx": 3, "real_pos": [0.30000001192092896, -0.0, 1.6505423784255981], "real_ori": [-0.0, -0.0, -0.0, 1.0], "vel": [0.0, -0.0, 0.012223545461893082], "acc": [0.0, -0.0, 0.00862884521484375], "ang_vel": [0.0, -0.0, -0.0], "ang_acc": [0.0, -0.0, -0.0], "has_col": false, "col_obj_id": 171, "time_start": 1733075567.978645, "pcd_len": 6319, "ch_pts_len": 243, "plan_len": 0, "replan_cnt": 4, "map_pos": [0.30000001192092896, 0.0, 1.6773884296417236], "plan_pos": [0.30000001192092896, 0.0, 1.6773884296417236], "time_end": 1733075568.064145, "gloal_reached": false}, {"idx": 4, "real_pos": [0.30000001192092896, -0.0, 1.6516224145889282], "real_ori": [-0.0, -0.0, -0.0, 1.0], "vel": [0.0, -0.0, 0.012790917418897152], "acc": [0.0, -0.0, 0.0050144195556640625], "ang_vel": [0.0, -0.0, -0.0], "ang_acc": [0.0, -0.0, -0.0], "has_col": false, "col_obj_id": 171, "time_start": 1733075568.0697174, "pcd_len": 6325, "ch_pts_len": 233, "plan_len": 0, "replan_cnt": 5, "map_pos": [0.30000001192092896, 0.0, 1.6773884296417236], "plan_pos": [0.30000001192092896, 0.0, 1.6773884296417236], "time_end": 1733075568.1539154, "gloal_reached": false}, {"idx": 5, "real_pos": [0.30000001192092896, -0.0, 1.652706265449524], "real_ori": [-0.0, -0.0, -0.0, 1.0], "vel": [0.0, -0.0, 0.013103612698614597], "acc": [0.0, -0.0, 0.0018453598022460938], "ang_vel": [0.0, -0.0, -0.0], "ang_acc": [0.0, -0.0, -0.0], "has_col": false, "col_obj_id": 171, "time_start": 1733075568.173158, "pcd_len": 6330, "ch_pts_len": 296, "plan_len": 0, "replan_cnt": 6, "map_pos": [0.30000001192092896, 0.0, 1.6773884296417236], "plan_pos": [0.30000001192092896, 0.0, 1.6773884296417236], "time_end": 1733075568.2696965, "gloal_reached": false}, {"idx": 6, "real_pos": [0.30000001192092896, -0.0, 1.6540849208831787], "real_ori": [-0.0, -0.0, -0.0, 1.0], "vel": [0.0, -0.0, 0.013157247565686703], "acc": [0.0, -0.0, -0.0005788803100585938], "ang_vel": [0.0, -0.0, -0.0], "ang_acc": [0.0, -0.0, -0.0], "has_col": false, "col_obj_id": 171, "time_start": 1733075568.276112, "pcd_len": 6328, "ch_pts_len": 274, "plan_len": 0, "replan_cnt": 7, "map_pos": [0.30000001192092896, 0.0, 1.6773884296417236], "plan_pos": [0.30000001192092896, 0.0, 1.6773884296417236], "time_end": 1733075568.5861022, "gloal_reached": false}, {"idx": 7, "real_pos": [0.30000001192092896, -0.0, 1.6577494144439697], "real_ori": [-0.0, -0.0, -0.0, 1.0], "vel": [0.0, -0.0, 0.012272839434444904], "acc": [0.0, -0.0, -0.004887580871582031], "ang_vel": [0.0, -0.0, -0.0], "ang_acc": [0.0, -0.0, -0.0], "has_col": false, "col_obj_id": 171, "time_start": 1733075568.5919921, "pcd_len": 6324, "ch_pts_len": 551, "plan_len": 0, "replan_cnt": 8, "map_pos": [0.30000001192092896, 0.0, 1.6773884296417236], "plan_pos": [0.30000001192092896, 0.0, 1.6773884296417236], "time_end": 1733075568.685758, "gloal_reached": false}, {"idx": 8, "real_pos": [0.30000001192092896, -0.0, 1.6587690114974976], "real_ori": [-0.0, -0.0, -0.0, 1.0], "vel": [0.0, -0.0, 0.01180223561823368], "acc": [0.0, -0.0, -0.005530357360839844], "ang_vel": [0.0, -0.0, -0.0], "ang_acc": [0.0, -0.0, -0.0], "has_col": false, "col_obj_id": 171, "time_start": 1733075568.6919427, "pcd_len": 6329, "ch_pts_len": 364, "plan_len": 0, "replan_cnt": 9, "map_pos": [0.30000001192092896, 0.0, 1.6773884296417236], "plan_pos": [0.30000001192092896, 0.0, 1.6773884296417236], "time_end": 1733075568.7744973, "gloal_reached": false}, {"idx": 9, "real_pos": [0.30000001192092896, -0.0, 1.6598190069198608], "real_ori": [-0.0, -0.0, -0.0, 1.0], "vel": [0.0, -0.0, 0.011337343603372574], "acc": [0.0, -0.0, -0.005921363830566406], "ang_vel": [0.0, -0.0, -0.0], "ang_acc": [0.0, -0.0, -0.0], "has_col": false, "col_obj_id": 171, "time_start": 1733075568.7812562, "pcd_len": 6329, "ch_pts_len": 218, "plan_len": 0, "replan_cnt": 10, "map_pos": [0.30000001192092896, 0.0, 1.6773884296417236], "plan_pos": [0.30000001192092896, 0.0, 1.6773884296417236], "time_end": 1733075568.8771746, "gloal_reached": false}, {"idx": 10, "real_pos": [0.30000001192092896, -0.0, 1.6608214378356934], "real_ori": [-0.0, -0.0, -0.0, 1.0], "vel": [0.0, -0.0, 0.010772922076284885], "acc": [0.0, -0.0, -0.0061893463134765625], "ang_vel": [0.0, -0.0, -0.0], "ang_acc": [0.0, -0.0, -0.0], "has_col": false, "col_obj_id": 171, "time_start": 1733075568.8832393, "pcd_len": 6329, "ch_pts_len": 297, "plan_len": 0, "replan_cnt": 11, "map_pos": [0.30000001192092896, 0.0, 1.6773884296417236], "plan_pos": [0.30000001192092896, 0.0, 1.6773884296417236], "time_end": 1733075568.9693127, "gloal_reached": false}, {"idx": 11, "real_pos": [0.30000001192092896, -0.0, 1.6617122888565063], "real_ori": [-0.0, -0.0, -0.0, 1.0], "vel": [0.0, -0.0, 0.01026641670614481], "acc": [0.0, -0.0, -0.006297111511230469], "ang_vel": [0.0, -0.0, -0.0], "ang_acc": [0.0, -0.0, -0.0], "has_col": false, "col_obj_id": 171, "time_start": 1733075568.9744976, "pcd_len": 6328, "ch_pts_len": 315, "plan_len": 0, "replan_cnt": 12, "map_pos": [0.30000001192092896, 0.0, 1.6773884296417236], "plan_pos": [0.30000001192092896, 0.0, 1.6773884296417236], "time_end": 1733075569.071806, "gloal_reached": false}, {"idx": 12, "real_pos": [0.30000001192092896, -0.0, 1.6626468896865845], "real_ori": [-0.0, -0.0, -0.0, 1.0], "vel": [0.0, -0.0, 0.009659848175942898], "acc": [0.0, -0.0, -0.0063152313232421875], "ang_vel": [0.0, -0.0, -0.0], "ang_acc": [0.0, -0.0, -0.0], "has_col": false, "col_obj_id": 171, "time_start": 1733075569.0780628, "pcd_len": 6327, "ch_pts_len": 211, "plan_len": 0, "replan_cnt": 13, "map_pos": [0.30000001192092896, 0.0, 1.6773884296417236], "plan_pos": [0.30000001192092896, 0.0, 1.6773884296417236], "time_end": 1733075569.1610248, "gloal_reached": false}, {"idx": 13, "real_pos": [0.30000001192092896, -0.0, 1.6634162664413452], "real_ori": [-0.0, -0.0, -0.0, 1.0], "vel": [0.0, -0.0, 0.009150792844593525], "acc": [0.0, -0.0, -0.006245613098144531], "ang_vel": [0.0, -0.0, -0.0], "ang_acc": [0.0, -0.0, -0.0], "has_col": false, "col_obj_id": 171, "time_start": 1733075569.1672578, "pcd_len": 6323, "ch_pts_len": 183, "plan_len": 0, "replan_cnt": 14, "map_pos": [0.30000001192092896, 0.0, 1.6773884296417236], "plan_pos": [0.30000001192092896, 0.0, 1.6773884296417236], "time_end": 1733075569.2524884, "gloal_reached": false}, {"idx": 14, "real_pos": [0.30000001192092896, -0.0, 1.664144515991211], "real_ori": [-0.0, -0.0, -0.0, 1.0], "vel": [0.0, -0.0, 0.008630997501313686], "acc": [0.0, -0.0, -0.006121635437011719], "ang_vel": [0.0, -0.0, -0.0], "ang_acc": [0.0, -0.0, -0.0], "has_col": false, "col_obj_id": 171, "time_start": 1733075569.2592669, "pcd_len": 6326, "ch_pts_len": 163, "plan_len": 0, "replan_cnt": 15, "map_pos": [0.30000001192092896, 0.0, 1.6773884296417236], "plan_pos": [0.30000001192092896, 0.0, 1.6773884296417236], "time_end": 1733075569.34447, "gloal_reached": false}, {"idx": 15, "real_pos": [0.30000001192092896, -0.0, 1.6648820638656616], "real_ori": [-0.0, -0.0, -0.0, 1.0], "vel": [0.0, -0.0, 0.008141458965837955], "acc": [0.0, -0.0, -0.005957603454589844], "ang_vel": [0.0, -0.0, -0.0], "ang_acc": [0.0, -0.0, -0.0], "has_col": false, "col_obj_id": 171, "time_start": 1733075569.3505542, "pcd_len": 6321, "ch_pts_len": 158, "plan_len": 0, "replan_cnt": 16, "map_pos": [0.30000001192092896, 0.0, 1.6773884296417236], "plan_pos": [0.30000001192092896, 0.0, 1.6773884296417236], "time_end": 1733075569.4359171, "gloal_reached": false}, {"idx": 16, "real_pos": [0.30000001192092896, -0.0, 1.6655279397964478], "real_ori": [-0.0, -0.0, -0.0, 1.0], "vel": [0.0, -0.0, 0.007614622823894024], "acc": [0.0, -0.0, -0.0057430267333984375], "ang_vel": [0.0, -0.0, -0.0], "ang_acc": [0.0, -0.0, -0.0], "has_col": false, "col_obj_id": 171, "time_start": 1733075569.449221, "pcd_len": 6324, "ch_pts_len": 167, "plan_len": 0, "replan_cnt": 17, "map_pos": [0.30000001192092896, 0.0, 1.6773884296417236], "plan_pos": [0.30000001192092896, 0.0, 1.6773884296417236], "time_end": 1733075569.5471454, "gloal_reached": false}, {"idx": 17, "real_pos": [0.30000001192092896, -0.0, 1.6662871837615967], "real_ori": [-0.0, -0.0, -0.0, 1.0], "vel": [0.0, -0.0, 0.007075520232319832], "acc": [0.0, -0.0, -0.0054836273193359375], "ang_vel": [0.0, -0.0, -0.0], "ang_acc": [0.0, -0.0, -0.0], "has_col": false, "col_obj_id": 171, "time_start": 1733075569.554015, "pcd_len": 6324, "ch_pts_len": 156, "plan_len": 0, "replan_cnt": 18, "map_pos": [0.30000001192092896, 0.0, 1.6773884296417236], "plan_pos": [0.30000001192092896, 0.0, 1.6773884296417236], "time_end": 1733075569.6405447, "gloal_reached": false}, {"idx": 18, "real_pos": [0.30000001192092896, -0.0, 1.6668695211410522], "real_ori": [-0.0, -0.0, -0.0, 1.0], "vel": [0.0, -0.0, 0.0066247363574802876], "acc": [0.0, -0.0, -0.005245208740234375], "ang_vel": [0.0, -0.0, -0.0], "ang_acc": [0.0, -0.0, -0.0], "has_col": false, "col_obj_id": 171, "time_start": 1733075569.6480699, "pcd_len": 6324, "ch_pts_len": 140, "plan_len": 0, "replan_cnt": 19, "map_pos": [0.30000001192092896, 0.0, 1.6773884296417236], "plan_pos": [0.30000001192092896, 0.0, 1.6773884296417236], "time_end": 1733075569.7415683, "gloal_reached": false}, {"idx": 19, "real_pos": [0.30000001192092896, -0.0, 1.6674706935882568], "real_ori": [-0.0, -0.0, -0.0, 1.0], "vel": [0.0, -0.0, 0.006149848457425833], "acc": [0.0, -0.0, -0.0049648284912109375], "ang_vel": [0.0, -0.0, -0.0], "ang_acc": [0.0, -0.0, -0.0], "has_col": false, "col_obj_id": 171, "time_start": 1733075569.747851, "pcd_len": 6319, "ch_pts_len": 134, "plan_len": 0, "replan_cnt": 20, "map_pos": [0.30000001192092896, 0.0, 1.6773884296417236], "plan_pos": [0.30000001192092896, 0.0, 1.6773884296417236], "time_end": 1733075569.8494658, "gloal_reached": false}, {"idx": 20, "real_pos": [0.30000001192092896, -0.0, 1.6680628061294556], "real_ori": [-0.0, -0.0, -0.0, 1.0], "vel": [0.0, -0.0, 0.005687286611646414], "acc": [0.0, -0.0, -0.004672050476074219], "ang_vel": [0.0, -0.0, -0.0], "ang_acc": [0.0, -0.0, -0.0], "has_col": false, "col_obj_id": 171, "time_start": 1733075569.8558917, "pcd_len": 6320, "ch_pts_len": 154, "plan_len": 0, "replan_cnt": 21, "map_pos": [0.30000001192092896, 0.0, 1.6773884296417236], "plan_pos": [0.30000001192092896, 0.0, 1.6773884296417236], "time_end": 1733075569.9382899, "gloal_reached": false}, {"idx": 21, "real_pos": [0.30000001192092896, -0.0, 1.6685128211975098], "real_ori": [-0.0, -0.0, -0.0, 1.0], "vel": [0.0, -0.0, 0.005318733397871256], "acc": [0.0, -0.0, -0.004426002502441406], "ang_vel": [0.0, -0.0, -0.0], "ang_acc": [0.0, -0.0, -0.0], "has_col": false, "col_obj_id": 171, "time_start": 1733075569.9441607, "pcd_len": 6324, "ch_pts_len": 177, "plan_len": 0, "replan_cnt": 22, "map_pos": [0.30000001192092896, 0.0, 1.6773884296417236], "plan_pos": [0.30000001192092896, 0.0, 1.6773884296417236], "time_end": 1733075570.0379794, "gloal_reached": false}, {"idx": 22, "real_pos": [0.30000001192092896, -0.0, 1.6689635515213013], "real_ori": [-0.0, -0.0, -0.0, 1.0], "vel": [0.0, -0.0, 0.004932592622935772], "acc": [0.0, -0.0, -0.004157066345214844], "ang_vel": [0.0, -0.0, -0.0], "ang_acc": [0.0, -0.0, -0.0], "has_col": false, "col_obj_id": 171, "time_start": 1733075570.0437493, "pcd_len": 6323, "ch_pts_len": 156, "plan_len": 0, "replan_cnt": 23, "map_pos": [0.30000001192092896, 0.0, 1.6773884296417236], "plan_pos": [0.30000001192092896, 0.0, 1.6773884296417236], "time_end": 1733075570.1314957, "gloal_reached": false}, {"idx": 23, "real_pos": [0.30000001192092896, -0.0, 1.6693825721740723], "real_ori": [-0.0, -0.0, -0.0, 1.0], "vel": [0.0, -0.0, 0.0045818728394806385], "acc": [0.0, -0.0, -0.00390625], "ang_vel": [0.0, -0.0, -0.0], "ang_acc": [0.0, -0.0, -0.0], "has_col": false, "col_obj_id": 171, "time_start": 1733075570.1395333, "pcd_len": 6320, "ch_pts_len": 258, "plan_len": 0, "replan_cnt": 24, "map_pos": [0.30000001192092896, 0.0, 1.6773884296417236], "plan_pos": [0.30000001192092896, 0.0, 1.6773884296417236], "time_end": 1733075570.241409, "gloal_reached": false}, {"idx": 24, "real_pos": [0.30000001192092896, -0.0, 1.6698360443115234], "real_ori": [-0.0, -0.0, -0.0, 1.0], "vel": [0.0, -0.0, 0.004208935424685478], "acc": [0.0, -0.0, -0.0036287307739257812], "ang_vel": [0.0, -0.0, -0.0], "ang_acc": [0.0, -0.0, -0.0], "has_col": false, "col_obj_id": 171, "time_start": 1733075570.247085, "pcd_len": 6317, "ch_pts_len": 204, "plan_len": 0, "replan_cnt": 25, "map_pos": [0.30000001192092896, 0.0, 1.6773884296417236], "plan_pos": [0.30000001192092896, 0.0, 1.6773884296417236], "time_end": 1733075570.3471882, "gloal_reached": false}, {"idx": 25, "real_pos": [0.30000001192092896, -0.0, 1.6701806783676147], "real_ori": [-0.0, -0.0, -0.0, 1.0], "vel": [0.0, -0.0, 0.003862843383103609], "acc": [0.0, -0.0, -0.0033626556396484375], "ang_vel": [0.0, -0.0, -0.0], "ang_acc": [0.0, -0.0, -0.0], "has_col": false, "col_obj_id": 171, "time_start": 1733075570.3563845, "pcd_len": 6318, "ch_pts_len": 183, "plan_len": 0, "replan_cnt": 26, "map_pos": [0.30000001192092896, 0.0, 1.6773884296417236], "plan_pos": [0.30000001192092896, 0.0, 1.6773884296417236], "time_end": 1733075570.4379258, "gloal_reached": false}, {"idx": 26, "real_pos": [0.30000001192092896, -0.0, 1.6705340147018433], "real_ori": [-0.0, -0.0, -0.0, 1.0], "vel": [0.0, -0.0, 0.003598772455006838], "acc": [0.0, -0.0, -0.0031576156616210938], "ang_vel": [0.0, -0.0, -0.0], "ang_acc": [0.0, -0.0, -0.0], "has_col": false, "col_obj_id": 171, "time_start": 1733075570.4448242, "pcd_len": 6327, "ch_pts_len": 168, "plan_len": 0, "replan_cnt": 27, "map_pos": [0.30000001192092896, 0.0, 1.6773884296417236], "plan_pos": [0.30000001192092896, 0.0, 1.6773884296417236], "time_end": 1733075570.528561, "gloal_reached": false}, {"idx": 27, "real_pos": [0.30000001192092896, -0.0, 1.6708190441131592], "real_ori": [-0.0, -0.0, -0.0, 1.0], "vel": [0.0, -0.0, 0.003324623219668865], "acc": [0.0, -0.0, -0.0029363632202148438], "ang_vel": [0.0, -0.0, -0.0], "ang_acc": [0.0, -0.0, -0.0], "has_col": false, "col_obj_id": 171, "time_start": 1733075570.544481, "pcd_len": 6327, "ch_pts_len": 211, "plan_len": 0, "replan_cnt": 28, "map_pos": [0.30000001192092896, 0.0, 1.6773884296417236], "plan_pos": [0.30000001192092896, 0.0, 1.6773884296417236], "time_end": 1733075570.6274827, "gloal_reached": false}, {"idx": 28, "real_pos": [0.30000001192092896, -0.0, 1.6711221933364868], "real_ori": [-0.0, -0.0, -0.0, 1.0], "vel": [0.0, -0.0, 0.0031026697251945734], "acc": [0.0, -0.0, -0.0027561187744140625], "ang_vel": [0.0, -0.0, -0.0], "ang_acc": [0.0, -0.0, -0.0], "has_col": false, "col_obj_id": 171, "time_start": 1733075570.633096, "pcd_len": 6324, "ch_pts_len": 165, "plan_len": 0, "replan_cnt": 29, "map_pos": [0.30000001192092896, 0.0, 1.6773884296417236], "plan_pos": [0.30000001192092896, 0.0, 1.6773884296417236], "time_end": 1733075570.7182994, "gloal_reached": false}, {"idx": 29, "real_pos": [0.30000001192092896, -0.0, 1.671366810798645], "real_ori": [-0.0, -0.0, -0.0, 1.0], "vel": [0.0, -0.0, 0.002863223198801279], "acc": [0.0, -0.0, -0.0025653839111328125], "ang_vel": [0.0, -0.0, -0.0], "ang_acc": [0.0, -0.0, -0.0], "has_col": false, "col_obj_id": 171, "time_start": 1733075570.730987, "pcd_len": 6322, "ch_pts_len": 188, "plan_len": 0, "replan_cnt": 30, "map_pos": [0.30000001192092896, 0.0, 1.6773884296417236], "plan_pos": [0.30000001192092896, 0.0, 1.6773884296417236], "time_end": 1733075570.817502, "gloal_reached": false}, {"idx": 30, "real_pos": [0.30000001192092896, -0.0, 1.6716103553771973], "real_ori": [-0.0, -0.0, -0.0, 1.0], "vel": [0.0, -0.0, 0.002655443036928773], "acc": [0.0, -0.0, -0.002384185791015625], "ang_vel": [0.0, -0.0, -0.0], "ang_acc": [0.0, -0.0, -0.0], "has_col": false, "col_obj_id": 171, "time_start": 1733075570.8246312, "pcd_len": 6322, "ch_pts_len": 165, "plan_len": 0, "replan_cnt": 31, "map_pos": [0.30000001192092896, 0.0, 1.6773884296417236], "plan_pos": [0.30000001192092896, 0.0, 1.6773884296417236], "time_end": 1733075570.9097164, "gloal_reached": false}, {"idx": 31, "real_pos": [0.30000001192092896, -0.0, 1.6718281507492065], "real_ori": [-0.0, -0.0, -0.0, 1.0], "vel": [0.0, -0.0, 0.0024422905407845974], "acc": [0.0, -0.0, -0.0022020339965820312], "ang_vel": [0.0, -0.0, -0.0], "ang_acc": [0.0, -0.0, -0.0], "has_col": false, "col_obj_id": 171, "time_start": 1733075570.92449, "pcd_len": 6316, "ch_pts_len": 167, "plan_len": 0, "replan_cnt": 32, "map_pos": [0.30000001192092896, 0.0, 1.6773884296417236], "plan_pos": [0.30000001192092896, 0.0, 1.6773884296417236], "time_end": 1733075571.009064, "gloal_reached": false}, {"idx": 32, "real_pos": [0.30000001192092896, -0.0, 1.6720507144927979], "real_ori": [-0.0, -0.0, -0.0, 1.0], "vel": [0.0, -0.0, 0.0022698475513607264], "acc": [0.0, -0.0, -0.0020551681518554688], "ang_vel": [0.0, -0.0, -0.0], "ang_acc": [0.0, -0.0, -0.0], "has_col": false, "col_obj_id": 171, "time_start": 1733075571.0163746, "pcd_len": 6311, "ch_pts_len": 185, "plan_len": 0, "replan_cnt": 33, "map_pos": [0.30000001192092896, 0.0, 1.6773884296417236], "plan_pos": [0.30000001192092896, 0.0, 1.6773884296417236], "time_end": 1733075571.116678, "gloal_reached": false}, {"idx": 33, "real_pos": [0.30000001192092896, -0.0, 1.6722869873046875], "real_ori": [-0.0, -0.0, -0.0, 1.0], "vel": [0.0, -0.0, 0.002074737334623933], "acc": [0.0, -0.0, -0.0018863677978515625], "ang_vel": [0.0, -0.0, -0.0], "ang_acc": [0.0, -0.0, -0.0], "has_col": false, "col_obj_id": 171, "time_start": 1733075571.123033, "pcd_len": 6312, "ch_pts_len": 156, "plan_len": 0, "replan_cnt": 34, "map_pos": [0.30000001192092896, 0.0, 1.6773884296417236], "plan_pos": [0.30000001192092896, 0.0, 1.6773884296417236], "time_end": 1733075571.220272, "gloal_reached": false}, {"idx": 34, "real_pos": [0.30000001192092896, -0.0, 1.6724494695663452], "real_ori": [-0.0, -0.0, -0.0, 1.0], "vel": [0.0, -0.0, 0.0019062182400375605], "acc": [0.0, -0.0, -0.0017404556274414062], "ang_vel": [0.0, -0.0, -0.0], "ang_acc": [0.0, -0.0, -0.0], "has_col": false, "col_obj_id": 171, "time_start": 1733075571.2279155, "pcd_len": 6311, "ch_pts_len": 135, "plan_len": 0, "replan_cnt": 35, "map_pos": [0.30000001192092896, 0.0, 1.6773884296417236], "plan_pos": [0.30000001192092896, 0.0, 1.6773884296417236], "time_end": 1733075571.3328686, "gloal_reached": false}, {"idx": 35, "real_pos": [0.30000001192092896, -0.0, 1.6726322174072266], "real_ori": [-0.0, -0.0, -0.0, 1.0], "vel": [0.0, -0.0, 0.0017364883096888661], "acc": [0.0, -0.0, -0.0015869140625], "ang_vel": [0.0, -0.0, -0.0], "ang_acc": [0.0, -0.0, -0.0], "has_col": false, "col_obj_id": 171, "time_start": 1733075571.339241, "pcd_len": 6312, "ch_pts_len": 126, "plan_len": 0, "replan_cnt": 36, "map_pos": [0.30000001192092896, 0.0, 1.6773884296417236], "plan_pos": [0.30000001192092896, 0.0, 1.6773884296417236], "time_end": 1733075571.44783, "gloal_reached": false}, {"idx": 36, "real_pos": [0.30000001192092896, -0.0, 1.67280912399292], "real_ori": [-0.0, -0.0, -0.0, 1.0], "vel": [0.0, -0.0, 0.0015770341269671917], "acc": [0.0, -0.0, -0.0014495849609375], "ang_vel": [0.0, -0.0, -0.0], "ang_acc": [0.0, -0.0, -0.0], "has_col": false, "col_obj_id": 171, "time_start": 1733075571.4563553, "pcd_len": 6317, "ch_pts_len": 133, "plan_len": 0, "replan_cnt": 37, "map_pos": [0.30000001192092896, 0.0, 1.6773884296417236], "plan_pos": [0.30000001192092896, 0.0, 1.6773884296417236], "time_end": 1733075571.5558748, "gloal_reached": false}, {"idx": 37, "real_pos": [0.30000001192092896, -0.0, 1.6729564666748047], "real_ori": [-0.0, -0.0, -0.0, 1.0], "vel": [0.0, -0.0, 0.001435616402886808], "acc": [0.0, -0.0, -0.0013256072998046875], "ang_vel": [0.0, -0.0, -0.0], "ang_acc": [0.0, -0.0, -0.0], "has_col": false, "col_obj_id": 171, "time_start": 1733075571.5675821, "pcd_len": 6314, "ch_pts_len": 164, "plan_len": 0, "replan_cnt": 38, "map_pos": [0.30000001192092896, 0.0, 1.6773884296417236], "plan_pos": [0.30000001192092896, 0.0, 1.6773884296417236], "time_end": 1733075571.6692777, "gloal_reached": false}, {"idx": 38, "real_pos": [0.30000001192092896, -0.0, 1.673107385635376], "real_ori": [-0.0, -0.0, -0.0, 1.0], "vel": [0.0, -0.0, 0.0013102905359119177], "acc": [0.0, -0.0, -0.0012102127075195312], "ang_vel": [0.0, -0.0, -0.0], "ang_acc": [0.0, -0.0, -0.0], "has_col": false, "col_obj_id": 171, "time_start": 1733075571.6772904, "pcd_len": 6311, "ch_pts_len": 210, "plan_len": 0, "replan_cnt": 39, "map_pos": [0.30000001192092896, 0.0, 1.6773884296417236], "plan_pos": [0.30000001192092896, 0.0, 1.6773884296417236], "time_end": 1733075571.7644155, "gloal_reached": false}, {"idx": 39, "real_pos": [0.30000001192092896, -0.0, 1.6732146739959717], "real_ori": [-0.0, -0.0, -0.0, 1.0], "vel": [0.0, -0.0, 0.0012090465752407908], "acc": [0.0, -0.0, -0.0011196136474609375], "ang_vel": [0.0, -0.0, -0.0], "ang_acc": [0.0, -0.0, -0.0], "has_col": false, "col_obj_id": 171, "time_start": 1733075571.7704809, "pcd_len": 6311, "ch_pts_len": 143, "plan_len": 0, "replan_cnt": 40, "map_pos": [0.30000001192092896, 0.0, 1.6773884296417236], "plan_pos": [0.30000001192092896, 0.0, 1.6773884296417236], "time_end": 1733075571.85401, "gloal_reached": false}, {"idx": 40, "real_pos": [0.30000001192092896, -0.0, 1.6733139753341675], "real_ori": [-0.0, -0.0, -0.0, 1.0], "vel": [0.0, -0.0, 0.0011216477723792195], "acc": [0.0, -0.0, -0.0010423660278320312], "ang_vel": [0.0, -0.0, -0.0], "ang_acc": [0.0, -0.0, -0.0], "has_col": false, "col_obj_id": 171, "time_start": 1733075571.8618972, "pcd_len": 6310, "ch_pts_len": 141, "plan_len": 0, "replan_cnt": 41, "map_pos": [0.30000001192092896, 0.0, 1.6773884296417236], "plan_pos": [0.30000001192092896, 0.0, 1.6773884296417236], "time_end": 1733075571.9547853, "gloal_reached": false}, {"idx": 41, "real_pos": [0.30000001192092896, -0.0, 1.6734153032302856], "real_ori": [-0.0, -0.0, -0.0, 1.0], "vel": [0.0, -0.0, 0.0010317381238564849], "acc": [0.0, -0.0, -0.0009584426879882812], "ang_vel": [0.0, -0.0, -0.0], "ang_acc": [0.0, -0.0, -0.0], "has_col": false, "col_obj_id": 171, "time_start": 1733075571.9607432, "pcd_len": 6312, "ch_pts_len": 150, "plan_len": 0, "replan_cnt": 42, "map_pos": [0.30000001192092896, 0.0, 1.6773884296417236], "plan_pos": [0.30000001192092896, 0.0, 1.6773884296417236], "time_end": 1733075572.0539687, "gloal_reached": false}, {"idx": 42, "real_pos": [0.30000001192092896, -0.0, 1.6735024452209473], "real_ori": [-0.0, -0.0, -0.0, 1.0], "vel": [0.0, -0.0, 0.0009463431197218597], "acc": [0.0, -0.0, -0.0008783340454101562], "ang_vel": [0.0, -0.0, -0.0], "ang_acc": [0.0, -0.0, -0.0], "has_col": false, "col_obj_id": 171, "time_start": 1733075572.0660455, "pcd_len": 6316, "ch_pts_len": 196, "plan_len": 0, "replan_cnt": 43, "map_pos": [0.30000001192092896, 0.0, 1.6773884296417236], "plan_pos": [0.30000001192092896, 0.0, 1.6773884296417236], "time_end": 1733075572.3460338, "gloal_reached": false}, {"idx": 43, "real_pos": [0.30000001192092896, -0.0, 1.6737278699874878], "real_ori": [-0.0, -0.0, -0.0, 1.0], "vel": [0.0, -0.0, 0.0007398513844236732], "acc": [0.0, -0.0, -0.000690460205078125], "ang_vel": [0.0, -0.0, -0.0], "ang_acc": [0.0, -0.0, -0.0], "has_col": false, "col_obj_id": 171, "time_start": 1733075572.3523269, "pcd_len": 6312, "ch_pts_len": 161, "plan_len": 0, "replan_cnt": 44, "map_pos": [0.30000001192092896, 0.0, 1.6773884296417236], "plan_pos": [0.30000001192092896, 0.0, 1.6773884296417236], "time_end": 1733075572.4435155, "gloal_reached": false}, {"idx": 44, "real_pos": [0.30000001192092896, -0.0, 1.6738049983978271], "real_ori": [-0.0, -0.0, -0.0, 1.0], "vel": [0.0, -0.0, 0.000676318013574928], "acc": [0.0, -0.0, -0.000629425048828125], "ang_vel": [0.0, -0.0, -0.0], "ang_acc": [0.0, -0.0, -0.0], "has_col": false, "col_obj_id": 171, "time_start": 1733075572.4622934, "pcd_len": 6310, "ch_pts_len": 158, "plan_len": 0, "replan_cnt": 45, "map_pos": [0.30000001192092896, 0.0, 1.6773884296417236], "plan_pos": [0.30000001192092896, 0.0, 1.6773884296417236], "time_end": 1733075572.551954, "gloal_reached": false}, {"idx": 45, "real_pos": [0.30000001192092896, -0.0, 1.6738581657409668], "real_ori": [-0.0, -0.0, -0.0, 1.0], "vel": [0.0, -0.0, 0.0006218572380021214], "acc": [0.0, -0.0, -0.000579833984375], "ang_vel": [0.0, -0.0, -0.0], "ang_acc": [0.0, -0.0, -0.0], "has_col": false, "col_obj_id": 171, "time_start": 1733075572.5585735, "pcd_len": 6312, "ch_pts_len": 135, "plan_len": 0, "replan_cnt": 46, "map_pos": [0.30000001192092896, 0.0, 1.6773884296417236], "plan_pos": [0.30000001192092896, 0.0, 1.6773884296417236], "time_end": 1733075572.644644, "gloal_reached": false}, {"idx": 46, "real_pos": [0.30000001192092896, -0.0, 1.6739073991775513], "real_ori": [-0.0, -0.0, -0.0, 1.0], "vel": [0.0, -0.0, 0.0005732816644012928], "acc": [0.0, -0.0, -0.0005397796630859375], "ang_vel": [0.0, -0.0, -0.0], "ang_acc": [0.0, -0.0, -0.0], "has_col": false, "col_obj_id": 171, "time_start": 1733075572.6539974, "pcd_len": 6314, "ch_pts_len": 135, "plan_len": 0, "replan_cnt": 47, "map_pos": [0.30000001192092896, 0.0, 1.6773884296417236], "plan_pos": [0.30000001192092896, 0.0, 1.6773884296417236], "time_end": 1733075572.7358902, "gloal_reached": false}, {"idx": 47, "real_pos": [0.30000001192092896, -0.0, 1.673954725265503], "real_ori": [-0.0, -0.0, -0.0, 1.0], "vel": [0.0, -0.0, 0.0005329217528924346], "acc": [0.0, -0.0, -0.0005044937133789062], "ang_vel": [0.0, -0.0, -0.0], "ang_acc": [0.0, -0.0, -0.0], "has_col": false, "col_obj_id": 171, "time_start": 1733075572.741812, "pcd_len": 6319, "ch_pts_len": 130, "plan_len": 0, "replan_cnt": 48, "map_pos": [0.30000001192092896, 0.0, 1.6773884296417236], "plan_pos": [0.30000001192092896, 0.0, 1.6773884296417236], "time_end": 1733075572.8248365, "gloal_reached": false}, {"idx": 48, "real_pos": [0.30000001192092896, -0.0, 1.6739983558654785], "real_ori": [-0.0, -0.0, -0.0, 1.0], "vel": [0.0, -0.0, 0.0004897437756881118], "acc": [0.0, -0.0, -0.00046539306640625], "ang_vel": [0.0, -0.0, -0.0], "ang_acc": [0.0, -0.0, -0.0], "has_col": false, "col_obj_id": 171, "time_start": 1733075572.8443587, "pcd_len": 6317, "ch_pts_len": 129, "plan_len": 0, "replan_cnt": 49, "map_pos": [0.30000001192092896, 0.0, 1.6773884296417236], "plan_pos": [0.30000001192092896, 0.0, 1.6773884296417236], "time_end": 1733075572.935325, "gloal_reached": false}, {"idx": 49, "real_pos": [0.30000001192092896, -0.0, 1.6740469932556152], "real_ori": [-0.0, -0.0, -0.0, 1.0], "vel": [0.0, -0.0, 0.0004487458791118115], "acc": [0.0, -0.0, -0.00042629241943359375], "ang_vel": [0.0, -0.0, -0.0], "ang_acc": [0.0, -0.0, -0.0], "has_col": false, "col_obj_id": 171, "time_start": 1733075572.9422398, "pcd_len": 6319, "ch_pts_len": 149, "plan_len": 0, "replan_cnt": 50, "map_pos": [0.30000001192092896, 0.0, 1.6773884296417236], "plan_pos": [0.30000001192092896, 0.0, 1.6773884296417236], "time_end": 1733075573.0443995, "gloal_reached": false}, {"idx": 50, "real_pos": [0.30000001192092896, -0.0, 1.6740864515304565], "real_ori": [-0.0, -0.0, -0.0, 1.0], "vel": [0.0, -0.0, 0.0004089010471943766], "acc": [0.0, -0.0, -0.0003871917724609375], "ang_vel": [0.0, -0.0, -0.0], "ang_acc": [0.0, -0.0, -0.0], "has_col": false, "col_obj_id": 171, "time_start": 1733075573.0534456, "pcd_len": 6316, "ch_pts_len": 124, "plan_len": 0, "replan_cnt": 51, "map_pos": [0.30000001192092896, 0.0, 1.6773884296417236], "plan_pos": [0.30000001192092896, 0.0, 1.6773884296417236], "time_end": 1733075573.153218, "gloal_reached": false}]}