{"cfg": {"map_depth": 600, "map_width": 600, "map_heigth": 100, "occup_unkn": -128, "occup_min": 0, "occup_max": 12, "occup_thr": 8, "ray_miss_incr": -1, "ray_hit_incr": 8, "map_resolution": 0.5, "use_opencv_imaging": false, "use_rgb_imaging": false, "dimg_stride": 2, "dimg_min_depth": 1, "dimg_max_depth": 50, "goal_off": [-180.0, -90.0, 2.0], "goal_off_vox": [], "use_drrt": false, "use_a_star": true, "max_a_star_iters": 1000, "unf_max_iters_incr": 200, "path_drift_tolerance": 3.0, "path_heigth_pos_vox_tol": 2, "path_heigth_neg_vox_tol": -2, "path_heigth_pos_real_tol": 3, "path_heigth_neg_real_tol": -3, "unf_neg_tol_incr": 0, "unf_pos_tol_incr": 1, "use_real_heigth_tolerances": true, "unf_plan_limit": 5, "publish_occup_intensities": true, "publish_occup": false, "publish_empty": false, "publish_pose": true, "publish_path": true, "publish_plan": true, "reset_sim": true, "exit_on_goal": true, "camera_name": "fc", "max_sim_freq": 20, "speed": 5.0, "no_path_watchdog_cnt": 50, "collision_watchdog_cnt": 50, "max_steps": 5000, "goal_err": 5}, "log": [{"idx": 0, "real_pos": [0.30000001192092896, -0.0, 1.677123785018921], "real_ori": [-0.0, -0.0, -0.0, 1.0], "vel": [0.0, -0.0, -0.02310563623905182], "acc": [0.0, -0.0, -0.2974834442138672], "ang_vel": [0.0, -0.0, -0.0], "ang_acc": [0.0, -0.0, -0.0], "has_col": true, "col_obj_id": 171, "time_start": 1733075533.1488726, "pcd_len": 6314, "ch_pts_len": 21066, "plan_len": 0, "replan_cnt": 1, "map_pos": [0.30000001192092896, 0.0, 1.677123785018921], "plan_pos": [0.30000001192092896, 0.0, 1.677123785018921], "time_end": 1733075534.363398, "gloal_reached": false}, {"idx": 1, "real_pos": [0.30000001192092896, -0.0, 1.6483099460601807], "real_ori": [-0.0, -0.0, -0.0, 1.0], "vel": [0.0, -0.0, 0.00981871597468853], "acc": [0.0, -0.0, 0.019326210021972656], "ang_vel": [0.0, -0.0, -0.0], "ang_acc": [0.0, -0.0, -0.0], "has_col": false, "col_obj_id": 171, "time_start": 1733075534.3816166, "pcd_len": 6329, "ch_pts_len": 6020, "plan_len": 0, "replan_cnt": 2, "map_pos": [0.30000001192092896, 0.0, 1.677123785018921], "plan_pos": [0.30000001192092896, 0.0, 1.677123785018921], "time_end": 1733075534.47346, "gloal_reached": false}, {"idx": 2, "real_pos": [0.30000001192092896, -0.0, 1.6492165327072144], "real_ori": [-0.0, -0.0, -0.0, 1.0], "vel": [0.0, -0.0, 0.011316380463540554], "acc": [0.0, -0.0, 0.013118743896484375], "ang_vel": [0.0, -0.0, -0.0], "ang_acc": [0.0, -0.0, -0.0], "has_col": false, "col_obj_id": 171, "time_start": 1733075534.4792287, "pcd_len": 6327, "ch_pts_len": 1120, "plan_len": 0, "replan_cnt": 3, "map_pos": [0.30000001192092896, 0.0, 1.677123785018921], "plan_pos": [0.30000001192092896, 0.0, 1.677123785018921], "time_end": 1733075534.585946, "gloal_reached": false}, {"idx": 3, "real_pos": [0.30000001192092896, -0.0, 1.6504862308502197], "real_ori": [-0.0, -0.0, -0.0, 1.0], "vel": [0.0, -0.0, 0.012394141405820847], "acc": [0.0, -0.0, 0.007647514343261719], "ang_vel": [0.0, -0.0, -0.0], "ang_acc": [0.0, -0.0, -0.0], "has_col": false, "col_obj_id": 171, "time_start": 1733075534.5916383, "pcd_len": 6330, "ch_pts_len": 362, "plan_len": 0, "replan_cnt": 4, "map_pos": [0.30000001192092896, 0.0, 1.677123785018921], "plan_pos": [0.30000001192092896, 0.0, 1.677123785018921], "time_end": 1733075534.6809766, "gloal_reached": false}, {"idx": 4, "real_pos": [0.30000001192092896, -0.0, 1.6515438556671143], "real_ori": [-0.0, -0.0, -0.0, 1.0], "vel": [0.0, -0.0, 0.012887666933238506], "acc": [0.0, -0.0, 0.0042285919189453125], "ang_vel": [0.0, -0.0, -0.0], "ang_acc": [0.0, -0.0, -0.0], "has_col": false, "col_obj_id": 171, "time_start": 1733075534.687754, "pcd_len": 6336, "ch_pts_len": 340, "plan_len": 0, "replan_cnt": 5, "map_pos": [0.30000001192092896, 0.0, 1.677123785018921], "plan_pos": [0.30000001192092896, 0.0, 1.677123785018921], "time_end": 1733075534.7820933, "gloal_reached": false}, {"idx": 5, "real_pos": [0.30000001192092896, -0.0, 1.6527529954910278], "real_ori": [-0.0, -0.0, -0.0, 1.0], "vel": [0.0, -0.0, 0.01313594076782465], "acc": [0.0, -0.0, 0.0012388229370117188], "ang_vel": [0.0, -0.0, -0.0], "ang_acc": [0.0, -0.0, -0.0], "has_col": false, "col_obj_id": 171, "time_start": 1733075534.788537, "pcd_len": 6338, "ch_pts_len": 331, "plan_len": 0, "replan_cnt": 6, "map_pos": [0.30000001192092896, 0.0, 1.677123785018921], "plan_pos": [0.30000001192092896, 0.0, 1.677123785018921], "time_end": 1733075534.871381, "gloal_reached": false}, {"idx": 6, "real_pos": [0.30000001192092896, -0.0, 1.6538180112838745], "real_ori": [-0.0, -0.0, -0.0, 1.0], "vel": [0.0, -0.0, 0.013151116669178009], "acc": [0.0, -0.0, -0.0007801055908203125], "ang_vel": [0.0, -0.0, -0.0], "ang_acc": [0.0, -0.0, -0.0], "has_col": false, "col_obj_id": 171, "time_start": 1733075534.877723, "pcd_len": 6330, "ch_pts_len": 268, "plan_len": 0, "replan_cnt": 7, "map_pos": [0.30000001192092896, 0.0, 1.677123785018921], "plan_pos": [0.30000001192092896, 0.0, 1.677123785018921], "time_end": 1733075534.9747279, "gloal_reached": false}, {"idx": 7, "real_pos": [0.30000001192092896, -0.0, 1.6549584865570068], "real_ori": [-0.0, -0.0, -0.0, 1.0], "vel": [0.0, -0.0, 0.012990611605346203], "acc": [0.0, -0.0, -0.0025835037231445312], "ang_vel": [0.0, -0.0, -0.0], "ang_acc": [0.0, -0.0, -0.0], "has_col": false, "col_obj_id": 171, "time_start": 1733075534.9799283, "pcd_len": 6332, "ch_pts_len": 255, "plan_len": 0, "replan_cnt": 8, "map_pos": [0.30000001192092896, 0.0, 1.677123785018921], "plan_pos": [0.30000001192092896, 0.0, 1.677123785018921], "time_end": 1733075535.3157563, "gloal_reached": false}, {"idx": 8, "real_pos": [0.30000001192092896, -0.0, 1.6589144468307495], "real_ori": [-0.0, -0.0, -0.0, 1.0], "vel": [0.0, -0.0, 0.01161668635904789], "acc": [0.0, -0.0, -0.005710601806640625], "ang_vel": [0.0, -0.0, -0.0], "ang_acc": [0.0, -0.0, -0.0], "has_col": false, "col_obj_id": 171, "time_start": 1733075535.322107, "pcd_len": 6319, "ch_pts_len": 432, "plan_len": 0, "replan_cnt": 9, "map_pos": [0.30000001192092896, 0.0, 1.677123785018921], "plan_pos": [0.30000001192092896, 0.0, 1.677123785018921], "time_end": 1733075535.4232957, "gloal_reached": false}, {"idx": 9, "real_pos": [0.30000001192092896, -0.0, 1.659974455833435], "real_ori": [-0.0, -0.0, -0.0, 1.0], "vel": [0.0, -0.0, 0.011030840687453747], "acc": [0.0, -0.0, -0.0060882568359375], "ang_vel": [0.0, -0.0, -0.0], "ang_acc": [0.0, -0.0, -0.0], "has_col": false, "col_obj_id": 171, "time_start": 1733075535.4301755, "pcd_len": 6319, "ch_pts_len": 330, "plan_len": 0, "replan_cnt": 10, "map_pos": [0.30000001192092896, 0.0, 1.677123785018921], "plan_pos": [0.30000001192092896, 0.0, 1.677123785018921], "time_end": 1733075535.5223649, "gloal_reached": false}, {"idx": 10, "real_pos": [0.30000001192092896, -0.0, 1.660982370376587], "real_ori": [-0.0, -0.0, -0.0, 1.0], "vel": [0.0, -0.0, 0.01039849128574133], "acc": [0.0, -0.0, -0.006281852722167969], "ang_vel": [0.0, -0.0, -0.0], "ang_acc": [0.0, -0.0, -0.0], "has_col": false, "col_obj_id": 171, "time_start": 1733075535.541833, "pcd_len": 6323, "ch_pts_len": 265, "plan_len": 0, "replan_cnt": 11, "map_pos": [0.30000001192092896, 0.0, 1.677123785018921], "plan_pos": [0.30000001192092896, 0.0, 1.677123785018921], "time_end": 1733075535.6316533, "gloal_reached": false}, {"idx": 11, "real_pos": [0.30000001192092896, -0.0, 1.66196608543396], "real_ori": [-0.0, -0.0, -0.0, 1.0], "vel": [0.0, -0.0, 0.009849500842392445], "acc": [0.0, -0.0, -0.00632476806640625], "ang_vel": [0.0, -0.0, -0.0], "ang_acc": [0.0, -0.0, -0.0], "has_col": false, "col_obj_id": 171, "time_start": 1733075535.6386657, "pcd_len": 6320, "ch_pts_len": 176, "plan_len": 0, "replan_cnt": 12, "map_pos": [0.30000001192092896, 0.0, 1.677123785018921], "plan_pos": [0.30000001192092896, 0.0, 1.677123785018921], "time_end": 1733075535.7229047, "gloal_reached": false}, {"idx": 12, "real_pos": [0.30000001192092896, -0.0, 1.6627509593963623], "real_ori": [-0.0, -0.0, -0.0, 1.0], "vel": [0.0, -0.0, 0.009300881996750832], "acc": [0.0, -0.0, -0.006274223327636719], "ang_vel": [0.0, -0.0, -0.0], "ang_acc": [0.0, -0.0, -0.0], "has_col": false, "col_obj_id": 171, "time_start": 1733075535.732936, "pcd_len": 6321, "ch_pts_len": 236, "plan_len": 0, "replan_cnt": 13, "map_pos": [0.30000001192092896, 0.0, 1.677123785018921], "plan_pos": [0.30000001192092896, 0.0, 1.677123785018921], "time_end": 1733075535.817979, "gloal_reached": false}, {"idx": 13, "real_pos": [0.30000001192092896, -0.0, 1.663574457168579], "real_ori": [-0.0, -0.0, -0.0, 1.0], "vel": [0.0, -0.0, 0.008778214454650879], "acc": [0.0, -0.0, -0.006161689758300781], "ang_vel": [0.0, -0.0, -0.0], "ang_acc": [0.0, -0.0, -0.0], "has_col": false, "col_obj_id": 171, "time_start": 1733075535.824664, "pcd_len": 6319, "ch_pts_len": 161, "plan_len": 0, "replan_cnt": 14, "map_pos": [0.30000001192092896, 0.0, 1.677123785018921], "plan_pos": [0.30000001192092896, 0.0, 1.677123785018921], "time_end": 1733075535.9097133, "gloal_reached": false}, {"idx": 14, "real_pos": [0.30000001192092896, -0.0, 1.6642729043960571], "real_ori": [-0.0, -0.0, -0.0, 1.0], "vel": [0.0, -0.0, 0.008248887956142426], "acc": [0.0, -0.0, -0.005999565124511719], "ang_vel": [0.0, -0.0, -0.0], "ang_acc": [0.0, -0.0, -0.0], "has_col": false, "col_obj_id": 171, "time_start": 1733075535.9233172, "pcd_len": 6320, "ch_pts_len": 167, "plan_len": 0, "replan_cnt": 15, "map_pos": [0.30000001192092896, 0.0, 1.677123785018921], "plan_pos": [0.30000001192092896, 0.0, 1.677123785018921], "time_end": 1733075536.0078404, "gloal_reached": false}, {"idx": 15, "real_pos": [0.30000001192092896, -0.0, 1.6650025844573975], "real_ori": [-0.0, -0.0, -0.0, 1.0], "vel": [0.0, -0.0, 0.0077529908157885075], "acc": [0.0, -0.0, -0.0058040618896484375], "ang_vel": [0.0, -0.0, -0.0], "ang_acc": [0.0, -0.0, -0.0], "has_col": false, "col_obj_id": 171, "time_start": 1733075536.0143821, "pcd_len": 6316, "ch_pts_len": 142, "plan_len": 0, "replan_cnt": 16, "map_pos": [0.30000001192092896, 0.0, 1.677123785018921], "plan_pos": [0.30000001192092896, 0.0, 1.677123785018921], "time_end": 1733075536.1094599, "gloal_reached": false}, {"idx": 16, "real_pos": [0.30000001192092896, -0.0, 1.6656849384307861], "real_ori": [-0.0, -0.0, -0.0, 1.0], "vel": [0.0, -0.0, 0.00720774382352829], "acc": [0.0, -0.0, -0.005551338195800781], "ang_vel": [0.0, -0.0, -0.0], "ang_acc": [0.0, -0.0, -0.0], "has_col": false, "col_obj_id": 171, "time_start": 1733075536.1205823, "pcd_len": 6317, "ch_pts_len": 169, "plan_len": 0, "replan_cnt": 17, "map_pos": [0.30000001192092896, 0.0, 1.677123785018921], "plan_pos": [0.30000001192092896, 0.0, 1.677123785018921], "time_end": 1733075536.2087588, "gloal_reached": false}, {"idx": 17, "real_pos": [0.30000001192092896, -0.0, 1.6663627624511719], "real_ori": [-0.0, -0.0, -0.0, 1.0], "vel": [0.0, -0.0, 0.006735451519489288], "acc": [0.0, -0.0, -0.0053043365478515625], "ang_vel": [0.0, -0.0, -0.0], "ang_acc": [0.0, -0.0, -0.0], "has_col": false, "col_obj_id": 171, "time_start": 1733075536.215855, "pcd_len": 6316, "ch_pts_len": 139, "plan_len": 0, "replan_cnt": 18, "map_pos": [0.30000001192092896, 0.0, 1.677123785018921], "plan_pos": [0.30000001192092896, 0.0, 1.677123785018921], "time_end": 1733075536.3238044, "gloal_reached": false}, {"idx": 18, "real_pos": [0.30000001192092896, -0.0, 1.6670104265213013], "real_ori": [-0.0, -0.0, -0.0, 1.0], "vel": [0.0, -0.0, 0.006209477316588163], "acc": [0.0, -0.0, -0.005002021789550781], "ang_vel": [0.0, -0.0, -0.0], "ang_acc": [0.0, -0.0, -0.0], "has_col": false, "col_obj_id": 171, "time_start": 1733075536.329793, "pcd_len": 6325, "ch_pts_len": 180, "plan_len": 0, "replan_cnt": 19, "map_pos": [0.30000001192092896, 0.0, 1.677123785018921], "plan_pos": [0.30000001192092896, 0.0, 1.677123785018921], "time_end": 1733075536.414621, "gloal_reached": false}, {"idx": 19, "real_pos": [0.30000001192092896, -0.0, 1.6675207614898682], "real_ori": [-0.0, -0.0, -0.0, 1.0], "vel": [0.0, -0.0, 0.005757618695497513], "acc": [0.0, -0.0, -0.0047168731689453125], "ang_vel": [0.0, -0.0, -0.0], "ang_acc": [0.0, -0.0, -0.0], "has_col": false, "col_obj_id": 171, "time_start": 1733075536.43343, "pcd_len": 6323, "ch_pts_len": 185, "plan_len": 0, "replan_cnt": 20, "map_pos": [0.30000001192092896, 0.0, 1.677123785018921], "plan_pos": [0.30000001192092896, 0.0, 1.677123785018921], "time_end": 1733075536.5317078, "gloal_reached": false}, {"idx": 20, "real_pos": [0.30000001192092896, -0.0, 1.6681115627288818], "real_ori": [-0.0, -0.0, -0.0, 1.0], "vel": [0.0, -0.0, 0.005318724550306797], "acc": [0.0, -0.0, -0.004426002502441406], "ang_vel": [0.0, -0.0, -0.0], "ang_acc": [0.0, -0.0, -0.0], "has_col": false, "col_obj_id": 171, "time_start": 1733075536.5366418, "pcd_len": 6319, "ch_pts_len": 156, "plan_len": 0, "replan_cnt": 21, "map_pos": [0.30000001192092896, 0.0, 1.677123785018921], "plan_pos": [0.30000001192092896, 0.0, 1.677123785018921], "time_end": 1733075536.627029, "gloal_reached": false}, {"idx": 21, "real_pos": [0.30000001192092896, -0.0, 1.6685482263565063], "real_ori": [-0.0, -0.0, -0.0, 1.0], "vel": [0.0, -0.0, 0.0049450695514678955], "acc": [0.0, -0.0, -0.004166603088378906], "ang_vel": [0.0, -0.0, -0.0], "ang_acc": [0.0, -0.0, -0.0], "has_col": false, "col_obj_id": 171, "time_start": 1733075536.6334627, "pcd_len": 6316, "ch_pts_len": 179, "plan_len": 0, "replan_cnt": 22, "map_pos": [0.30000001192092896, 0.0, 1.677123785018921], "plan_pos": [0.30000001192092896, 0.0, 1.677123785018921], "time_end": 1733075536.7167323, "gloal_reached": false}, {"idx": 22, "real_pos": [0.30000001192092896, -0.0, 1.6689834594726562], "real_ori": [-0.0, -0.0, -0.0, 1.0], "vel": [0.0, -0.0, 0.004605353344231844], "acc": [0.0, -0.0, -0.0039234161376953125], "ang_vel": [0.0, -0.0, -0.0], "ang_acc": [0.0, -0.0, -0.0], "has_col": false, "col_obj_id": 171, "time_start": 1733075536.7240849, "pcd_len": 6321, "ch_pts_len": 193, "plan_len": 0, "replan_cnt": 23, "map_pos": [0.30000001192092896, 0.0, 1.677123785018921], "plan_pos": [0.30000001192092896, 0.0, 1.677123785018921], "time_end": 1733075536.8354273, "gloal_reached": false}, {"idx": 23, "real_pos": [0.30000001192092896, -0.0, 1.6694380044937134], "real_ori": [-0.0, -0.0, -0.0, 1.0], "vel": [0.0, -0.0, 0.004198051523417234], "acc": [0.0, -0.0, -0.0036211013793945312], "ang_vel": [0.0, -0.0, -0.0], "ang_acc": [0.0, -0.0, -0.0], "has_col": false, "col_obj_id": 171, "time_start": 1733075536.8432627, "pcd_len": 6325, "ch_pts_len": 220, "plan_len": 0, "replan_cnt": 24, "map_pos": [0.30000001192092896, 0.0, 1.677123785018921], "plan_pos": [0.30000001192092896, 0.0, 1.677123785018921], "time_end": 1733075536.9431834, "gloal_reached": false}, {"idx": 24, "real_pos": [0.30000001192092896, -0.0, 1.6698189973831177], "real_ori": [-0.0, -0.0, -0.0, 1.0], "vel": [0.0, -0.0, 0.0038527578581124544], "acc": [0.0, -0.0, -0.0033550262451171875], "ang_vel": [0.0, -0.0, -0.0], "ang_acc": [0.0, -0.0, -0.0], "has_col": false, "col_obj_id": 171, "time_start": 1733075536.9514782, "pcd_len": 6323, "ch_pts_len": 205, "plan_len": 0, "replan_cnt": 25, "map_pos": [0.30000001192092896, 0.0, 1.677123785018921], "plan_pos": [0.30000001192092896, 0.0, 1.677123785018921], "time_end": 1733075537.0341742, "gloal_reached": false}, {"idx": 25, "real_pos": [0.30000001192092896, -0.0, 1.6701596975326538], "real_ori": [-0.0, -0.0, -0.0, 1.0], "vel": [0.0, -0.0, 0.0035893020685762167], "acc": [0.0, -0.0, -0.0031499862670898438], "ang_vel": [0.0, -0.0, -0.0], "ang_acc": [0.0, -0.0, -0.0], "has_col": false, "col_obj_id": 171, "time_start": 1733075537.0408235, "pcd_len": 6323, "ch_pts_len": 193, "plan_len": 0, "replan_cnt": 26, "map_pos": [0.30000001192092896, 0.0, 1.677123785018921], "plan_pos": [0.30000001192092896, 0.0, 1.677123785018921], "time_end": 1733075537.133909, "gloal_reached": false}, {"idx": 26, "real_pos": [0.30000001192092896, -0.0, 1.670464277267456], "real_ori": [-0.0, -0.0, -0.0, 1.0], "vel": [0.0, -0.0, 0.003315818030387163], "acc": [0.0, -0.0, -0.0029277801513671875], "ang_vel": [0.0, -0.0, -0.0], "ang_acc": [0.0, -0.0, -0.0], "has_col": false, "col_obj_id": 171, "time_start": 1733075537.1407475, "pcd_len": 6327, "ch_pts_len": 182, "plan_len": 0, "replan_cnt": 27, "map_pos": [0.30000001192092896, 0.0, 1.677123785018921], "plan_pos": [0.30000001192092896, 0.0, 1.677123785018921], "time_end": 1733075537.2358832, "gloal_reached": false}, {"idx": 27, "real_pos": [0.30000001192092896, -0.0, 1.6707650423049927], "real_ori": [-0.0, -0.0, -0.0, 1.0], "vel": [0.0, -0.0, 0.003061571391299367], "acc": [0.0, -0.0, -0.0027227401733398438], "ang_vel": [0.0, -0.0, -0.0], "ang_acc": [0.0, -0.0, -0.0], "has_col": false, "col_obj_id": 171, "time_start": 1733075537.2426982, "pcd_len": 6324, "ch_pts_len": 200, "plan_len": 0, "replan_cnt": 28, "map_pos": [0.30000001192092896, 0.0, 1.677123785018921], "plan_pos": [0.30000001192092896, 0.0, 1.677123785018921], "time_end": 1733075537.3371327, "gloal_reached": false}, {"idx": 28, "real_pos": [0.30000001192092896, -0.0, 1.671025037765503], "real_ori": [-0.0, -0.0, -0.0, 1.0], "vel": [0.0, -0.0, 0.0028176719788461924], "acc": [0.0, -0.0, -0.0025243759155273438], "ang_vel": [0.0, -0.0, -0.0], "ang_acc": [0.0, -0.0, -0.0], "has_col": false, "col_obj_id": 171, "time_start": 1733075537.3441203, "pcd_len": 6319, "ch_pts_len": 148, "plan_len": 0, "replan_cnt": 29, "map_pos": [0.30000001192092896, 0.0, 1.677123785018921], "plan_pos": [0.30000001192092896, 0.0, 1.677123785018921], "time_end": 1733075537.421192, "gloal_reached": false}, {"idx": 29, "real_pos": [0.30000001192092896, -0.0, 1.6712652444839478], "real_ori": [-0.0, -0.0, -0.0, 1.0], "vel": [0.0, -0.0, 0.002627230016514659], "acc": [0.0, -0.0, -0.0023660659790039062], "ang_vel": [0.0, -0.0, -0.0], "ang_acc": [0.0, -0.0, -0.0], "has_col": false, "col_obj_id": 171, "time_start": 1733075537.427883, "pcd_len": 6317, "ch_pts_len": 152, "plan_len": 0, "replan_cnt": 30, "map_pos": [0.30000001192092896, 0.0, 1.677123785018921], "plan_pos": [0.30000001192092896, 0.0, 1.677123785018921], "time_end": 1733075537.523158, "gloal_reached": false}, {"idx": 30, "real_pos": [0.30000001192092896, -0.0, 1.6714800596237183], "real_ori": [-0.0, -0.0, -0.0, 1.0], "vel": [0.0, -0.0, 0.002422531833872199], "acc": [0.0, -0.0, -0.0021877288818359375], "ang_vel": [0.0, -0.0, -0.0], "ang_acc": [0.0, -0.0, -0.0], "has_col": false, "col_obj_id": 171, "time_start": 1733075537.529771, "pcd_len": 6321, "ch_pts_len": 201, "plan_len": 0, "replan_cnt": 31, "map_pos": [0.30000001192092896, 0.0, 1.677123785018921], "plan_pos": [0.30000001192092896, 0.0, 1.677123785018921], "time_end": 1733075537.6159668, "gloal_reached": false}, {"idx": 31, "real_pos": [0.30000001192092896, -0.0, 1.671692967414856], "real_ori": [-0.0, -0.0, -0.0, 1.0], "vel": [0.0, -0.0, 0.002245241543278098], "acc": [0.0, -0.0, -0.0020351409912109375], "ang_vel": [0.0, -0.0, -0.0], "ang_acc": [0.0, -0.0, -0.0], "has_col": false, "col_obj_id": 171, "time_start": 1733075537.6217182, "pcd_len": 6316, "ch_pts_len": 140, "plan_len": 0, "replan_cnt": 32, "map_pos": [0.30000001192092896, 0.0, 1.677123785018921], "plan_pos": [0.30000001192092896, 0.0, 1.677123785018921], "time_end": 1733075537.7172062, "gloal_reached": false}, {"idx": 32, "real_pos": [0.30000001192092896, -0.0, 1.6718764305114746], "real_ori": [-0.0, -0.0, -0.0, 1.0], "vel": [0.0, -0.0, 0.0020633882377296686], "acc": [0.0, -0.0, -0.0018768310546875], "ang_vel": [0.0, -0.0, -0.0], "ang_acc": [0.0, -0.0, -0.0], "has_col": false, "col_obj_id": 171, "time_start": 1733075537.7238011, "pcd_len": 6315, "ch_pts_len": 130, "plan_len": 0, "replan_cnt": 33, "map_pos": [0.30000001192092896, 0.0, 1.677123785018921], "plan_pos": [0.30000001192092896, 0.0, 1.677123785018921], "time_end": 1733075537.8052409, "gloal_reached": false}, {"idx": 33, "real_pos": [0.30000001192092896, -0.0, 1.6720523834228516], "real_ori": [-0.0, -0.0, -0.0, 1.0], "vel": [0.0, -0.0, 0.0019218905363231897], "acc": [0.0, -0.0, -0.0017528533935546875], "ang_vel": [0.0, -0.0, -0.0], "ang_acc": [0.0, -0.0, -0.0], "has_col": false, "col_obj_id": 171, "time_start": 1733075537.8108516, "pcd_len": 6316, "ch_pts_len": 137, "plan_len": 0, "replan_cnt": 34, "map_pos": [0.30000001192092896, 0.0, 1.677123785018921], "plan_pos": [0.30000001192092896, 0.0, 1.677123785018921], "time_end": 1733075537.895651, "gloal_reached": false}, {"idx": 34, "real_pos": [0.30000001192092896, -0.0, 1.6722469329833984], "real_ori": [-0.0, -0.0, -0.0, 1.0], "vel": [0.0, -0.0, 0.0017604349413886666], "acc": [0.0, -0.0, -0.0016107559204101562], "ang_vel": [0.0, -0.0, -0.0], "ang_acc": [0.0, -0.0, -0.0], "has_col": false, "col_obj_id": 171, "time_start": 1733075537.9153562, "pcd_len": 6315, "ch_pts_len": 143, "plan_len": 0, "replan_cnt": 35, "map_pos": [0.30000001192092896, 0.0, 1.677123785018921], "plan_pos": [0.30000001192092896, 0.0, 1.677123785018921], "time_end": 1733075538.0112631, "gloal_reached": false}, {"idx": 35, "real_pos": [0.30000001192092896, -0.0, 1.6723847389221191], "real_ori": [-0.0, -0.0, -0.0, 1.0], "vel": [0.0, -0.0, 0.0016210845205932856], "acc": [0.0, -0.0, -0.00148773193359375], "ang_vel": [0.0, -0.0, -0.0], "ang_acc": [0.0, -0.0, -0.0], "has_col": false, "col_obj_id": 171, "time_start": 1733075538.0166426, "pcd_len": 6313, "ch_pts_len": 143, "plan_len": 0, "replan_cnt": 36, "map_pos": [0.30000001192092896, 0.0, 1.677123785018921], "plan_pos": [0.30000001192092896, 0.0, 1.677123785018921], "time_end": 1733075538.1113274, "gloal_reached": false}, {"idx": 36, "real_pos": [0.30000001192092896, -0.0, 1.672526478767395], "real_ori": [-0.0, -0.0, -0.0, 1.0], "vel": [0.0, -0.0, 0.0014881527749821544], "acc": [0.0, -0.0, -0.001369476318359375], "ang_vel": [0.0, -0.0, -0.0], "ang_acc": [0.0, -0.0, -0.0], "has_col": false, "col_obj_id": 171, "time_start": 1733075538.1185412, "pcd_len": 6319, "ch_pts_len": 139, "plan_len": 0, "replan_cnt": 37, "map_pos": [0.30000001192092896, 0.0, 1.677123785018921], "plan_pos": [0.30000001192092896, 0.0, 1.677123785018921], "time_end": 1733075538.2087686, "gloal_reached": false}, {"idx": 37, "real_pos": [0.30000001192092896, -0.0, 1.6726775169372559], "real_ori": [-0.0, -0.0, -0.0, 1.0], "vel": [0.0, -0.0, 0.0013508190168067813], "acc": [0.0, -0.0, -0.0012483596801757812], "ang_vel": [0.0, -0.0, -0.0], "ang_acc": [0.0, -0.0, -0.0], "has_col": false, "col_obj_id": 171, "time_start": 1733075538.2325175, "pcd_len": 6318, "ch_pts_len": 155, "plan_len": 0, "replan_cnt": 38, "map_pos": [0.30000001192092896, 0.0, 1.677123785018921], "plan_pos": [0.30000001192092896, 0.0, 1.677123785018921], "time_end": 1733075538.3295836, "gloal_reached": false}, {"idx": 38, "real_pos": [0.30000001192092896, -0.0, 1.672803282737732], "real_ori": [-0.0, -0.0, -0.0, 1.0], "vel": [0.0, -0.0, 0.0012396157253533602], "acc": [0.0, -0.0, -0.001148223876953125], "ang_vel": [0.0, -0.0, -0.0], "ang_acc": [0.0, -0.0, -0.0], "has_col": false, "col_obj_id": 171, "time_start": 1733075538.3367732, "pcd_len": 6321, "ch_pts_len": 193, "plan_len": 0, "replan_cnt": 39, "map_pos": [0.30000001192092896, 0.0, 1.677123785018921], "plan_pos": [0.30000001192092896, 0.0, 1.677123785018921], "time_end": 1733075538.4367619, "gloal_reached": false}, {"idx": 39, "real_pos": [0.30000001192092896, -0.0, 1.6729322671890259], "real_ori": [-0.0, -0.0, -0.0, 1.0], "vel": [0.0, -0.0, 0.0011310189729556441], "acc": [0.0, -0.0, -0.0010480880737304688], "ang_vel": [0.0, -0.0, -0.0], "ang_acc": [0.0, -0.0, -0.0], "has_col": false, "col_obj_id": 171, "time_start": 1733075538.4440436, "pcd_len": 6316, "ch_pts_len": 147, "plan_len": 0, "replan_cnt": 40, "map_pos": [0.30000001192092896, 0.0, 1.677123785018921], "plan_pos": [0.30000001192092896, 0.0, 1.677123785018921], "time_end": 1733075538.553411, "gloal_reached": false}, {"idx": 40, "real_pos": [0.30000001192092896, -0.0, 1.6730300188064575], "real_ori": [-0.0, -0.0, -0.0, 1.0], "vel": [0.0, -0.0, 0.0010259784758090973], "acc": [0.0, -0.0, -0.0009517669677734375], "ang_vel": [0.0, -0.0, -0.0], "ang_acc": [0.0, -0.0, -0.0], "has_col": false, "col_obj_id": 171, "time_start": 1733075538.5623195, "pcd_len": 6313, "ch_pts_len": 190, "plan_len": 0, "replan_cnt": 41, "map_pos": [0.30000001192092896, 0.0, 1.677123785018921], "plan_pos": [0.30000001192092896, 0.0, 1.677123785018921], "time_end": 1733075538.6468956, "gloal_reached": false}, {"idx": 41, "real_pos": [0.30000001192092896, -0.0, 1.6731200218200684], "real_ori": [-0.0, -0.0, -0.0, 1.0], "vel": [0.0, -0.0, 0.0009489551302976906], "acc": [0.0, -0.0, -0.000881195068359375], "ang_vel": [0.0, -0.0, -0.0], "ang_acc": [0.0, -0.0, -0.0], "has_col": false, "col_obj_id": 171, "time_start": 1733075538.6533535, "pcd_len": 6314, "ch_pts_len": 185, "plan_len": 0, "replan_cnt": 42, "map_pos": [0.30000001192092896, 0.0, 1.677123785018921], "plan_pos": [0.30000001192092896, 0.0, 1.677123785018921], "time_end": 1733075538.748061, "gloal_reached": false}, {"idx": 42, "real_pos": [0.30000001192092896, -0.0, 1.6731977462768555], "real_ori": [-0.0, -0.0, -0.0, 1.0], "vel": [0.0, -0.0, 0.0008726686355657876], "acc": [0.0, -0.0, -0.0008115768432617188], "ang_vel": [0.0, -0.0, -0.0], "ang_acc": [0.0, -0.0, -0.0], "has_col": false, "col_obj_id": 171, "time_start": 1733075538.755659, "pcd_len": 6312, "ch_pts_len": 145, "plan_len": 0, "replan_cnt": 43, "map_pos": [0.30000001192092896, 0.0, 1.677123785018921], "plan_pos": [0.30000001192092896, 0.0, 1.677123785018921], "time_end": 1733075538.8476477, "gloal_reached": false}, {"idx": 43, "real_pos": [0.30000001192092896, -0.0, 1.6732865571975708], "real_ori": [-0.0, -0.0, -0.0, 1.0], "vel": [0.0, -0.0, 0.0007934909663163126], "acc": [0.0, -0.0, -0.0007410049438476562], "ang_vel": [0.0, -0.0, -0.0], "ang_acc": [0.0, -0.0, -0.0], "has_col": false, "col_obj_id": 171, "time_start": 1733075538.8694677, "pcd_len": 6317, "ch_pts_len": 175, "plan_len": 0, "replan_cnt": 44, "map_pos": [0.30000001192092896, 0.0, 1.677123785018921], "plan_pos": [0.30000001192092896, 0.0, 1.677123785018921], "time_end": 1733075538.953186, "gloal_reached": false}, {"idx": 44, "real_pos": [0.30000001192092896, -0.0, 1.6733537912368774], "real_ori": [-0.0, -0.0, -0.0, 1.0], "vel": [0.0, -0.0, 0.0007336284616030753], "acc": [0.0, -0.0, -0.0006875991821289062], "ang_vel": [0.0, -0.0, -0.0], "ang_acc": [0.0, -0.0, -0.0], "has_col": false, "col_obj_id": 171, "time_start": 1733075538.95951, "pcd_len": 6316, "ch_pts_len": 166, "plan_len": 0, "replan_cnt": 45, "map_pos": [0.30000001192092896, 0.0, 1.677123785018921], "plan_pos": [0.30000001192092896, 0.0, 1.677123785018921], "time_end": 1733075539.0460308, "gloal_reached": false}, {"idx": 45, "real_pos": [0.30000001192092896, -0.0, 1.6734259128570557], "real_ori": [-0.0, -0.0, -0.0, 1.0], "vel": [0.0, -0.0, 0.0006725427228957415], "acc": [0.0, -0.0, -0.0006256103515625], "ang_vel": [0.0, -0.0, -0.0], "ang_acc": [0.0, -0.0, -0.0], "has_col": false, "col_obj_id": 171, "time_start": 1733075539.0636532, "pcd_len": 6318, "ch_pts_len": 142, "plan_len": 0, "replan_cnt": 46, "map_pos": [0.30000001192092896, 0.0, 1.677123785018921], "plan_pos": [0.30000001192092896, 0.0, 1.677123785018921], "time_end": 1733075539.1607125, "gloal_reached": false}, {"idx": 46, "real_pos": [0.30000001192092896, -0.0, 1.6734784841537476], "real_ori": [-0.0, -0.0, -0.0, 1.0], "vel": [0.0, -0.0, 0.0006166371749714017], "acc": [0.0, -0.0, -0.0005779266357421875], "ang_vel": [0.0, -0.0, -0.0], "ang_acc": [0.0, -0.0, -0.0], "has_col": false, "col_obj_id": 171, "time_start": 1733075539.1667418, "pcd_len": 6320, "ch_pts_len": 132, "plan_len": 0, "replan_cnt": 47, "map_pos": [0.30000001192092896, 0.0, 1.677123785018921], "plan_pos": [0.30000001192092896, 0.0, 1.677123785018921], "time_end": 1733075539.2518446, "gloal_reached": false}, {"idx": 47, "real_pos": [0.30000001192092896, -0.0, 1.673527479171753], "real_ori": [-0.0, -0.0, -0.0, 1.0], "vel": [0.0, -0.0, 0.0005700300098396838], "acc": [0.0, -0.0, -0.000537872314453125], "ang_vel": [0.0, -0.0, -0.0], "ang_acc": [0.0, -0.0, -0.0], "has_col": false, "col_obj_id": 171, "time_start": 1733075539.2591, "pcd_len": 6317, "ch_pts_len": 163, "plan_len": 0, "replan_cnt": 48, "map_pos": [0.30000001192092896, 0.0, 1.677123785018921], "plan_pos": [0.30000001192092896, 0.0, 1.677123785018921], "time_end": 1733075539.342961, "gloal_reached": false}, {"idx": 48, "real_pos": [0.30000001192092896, -0.0, 1.673574447631836], "real_ori": [-0.0, -0.0, -0.0, 1.0], "vel": [0.0, -0.0, 0.000528378295712173], "acc": [0.0, -0.0, -0.000499725341796875], "ang_vel": [0.0, -0.0, -0.0], "ang_acc": [0.0, -0.0, -0.0], "has_col": false, "col_obj_id": 171, "time_start": 1733075539.3492477, "pcd_len": 6311, "ch_pts_len": 127, "plan_len": 0, "replan_cnt": 49, "map_pos": [0.30000001192092896, 0.0, 1.677123785018921], "plan_pos": [0.30000001192092896, 0.0, 1.677123785018921], "time_end": 1733075539.4360263, "gloal_reached": false}, {"idx": 49, "real_pos": [0.30000001192092896, -0.0, 1.6736177206039429], "real_ori": [-0.0, -0.0, -0.0, 1.0], "vel": [0.0, -0.0, 0.00048695565783418715], "acc": [0.0, -0.0, -0.0004596710205078125], "ang_vel": [0.0, -0.0, -0.0], "ang_acc": [0.0, -0.0, -0.0], "has_col": false, "col_obj_id": 171, "time_start": 1733075539.4435594, "pcd_len": 6312, "ch_pts_len": 124, "plan_len": 0, "replan_cnt": 50, "map_pos": [0.30000001192092896, 0.0, 1.677123785018921], "plan_pos": [0.30000001192092896, 0.0, 1.677123785018921], "time_end": 1733075539.5273533, "gloal_reached": false}, {"idx": 50, "real_pos": [0.30000001192092896, -0.0, 1.673657774925232], "real_ori": [-0.0, -0.0, -0.0, 1.0], "vel": [0.0, -0.0, 0.0004513023013714701], "acc": [0.0, -0.0, -0.00043010711669921875], "ang_vel": [0.0, -0.0, -0.0], "ang_acc": [0.0, -0.0, -0.0], "has_col": false, "col_obj_id": 171, "time_start": 1733075539.5338478, "pcd_len": 6309, "ch_pts_len": 151, "plan_len": 0, "replan_cnt": 51, "map_pos": [0.30000001192092896, 0.0, 1.677123785018921], "plan_pos": [0.30000001192092896, 0.0, 1.677123785018921], "time_end": 1733075539.6238787, "gloal_reached": false}]}