{"cfg": {"map_depth": 600, "map_width": 600, "map_heigth": 100, "occup_unkn": -128, "occup_min": 0, "occup_max": 12, "occup_thr": 8, "ray_miss_incr": -1, "ray_hit_incr": 8, "map_resolution": 0.5, "use_opencv_imaging": false, "use_rgb_imaging": false, "dimg_stride": 2, "dimg_min_depth": 1, "dimg_max_depth": 50, "goal_off": [-180.0, -90.0, 2.0], "goal_off_vox": [], "use_drrt": false, "use_a_star": true, "max_a_star_iters": 1000, "unf_max_iters_incr": 200, "path_drift_tolerance": 3.0, "path_heigth_pos_vox_tol": 2, "path_heigth_neg_vox_tol": -2, "path_heigth_pos_real_tol": 3, "path_heigth_neg_real_tol": -3, "unf_neg_tol_incr": 0, "unf_pos_tol_incr": 1, "use_real_heigth_tolerances": true, "unf_plan_limit": 5, "publish_occup_intensities": true, "publish_occup": false, "publish_empty": false, "publish_pose": true, "publish_path": true, "publish_plan": true, "reset_sim": true, "exit_on_goal": true, "camera_name": "fc", "max_sim_freq": 20, "speed": 5.0, "no_path_watchdog_cnt": 50, "collision_watchdog_cnt": 50, "max_steps": 5000, "goal_err": 5}, "log": [{"idx": 0, "real_pos": [0.30000001192092896, -0.0, 1.677391529083252], "real_ori": [-0.0, -0.0, -0.0, 1.0], "vel": [0.0, -0.0, -0.023105604574084282], "acc": [0.0, -0.0, -0.2974824905395508], "ang_vel": [0.0, -0.0, -0.0], "ang_acc": [0.0, -0.0, -0.0], "has_col": true, "col_obj_id": 171, "time_start": 1733075499.2792788, "pcd_len": 6312, "ch_pts_len": 21179, "plan_len": 0, "replan_cnt": 1, "map_pos": [0.30000001192092896, 0.0, 1.677391529083252], "plan_pos": [0.30000001192092896, 0.0, 1.677391529083252], "time_end": 1733075500.4020555, "gloal_reached": false}, {"idx": 1, "real_pos": [0.30000001192092896, -0.0, 1.6479668617248535], "real_ori": [-0.0, -0.0, -0.0, 1.0], "vel": [0.0, -0.0, 0.008068959228694439], "acc": [0.0, -0.0, 0.025735855102539062], "ang_vel": [0.0, -0.0, -0.0], "ang_acc": [0.0, -0.0, -0.0], "has_col": false, "col_obj_id": 171, "time_start": 1733075500.4198263, "pcd_len": 6320, "ch_pts_len": 5955, "plan_len": 0, "replan_cnt": 2, "map_pos": [0.30000001192092896, 0.0, 1.677391529083252], "plan_pos": [0.30000001192092896, 0.0, 1.677391529083252], "time_end": 1733075500.5131526, "gloal_reached": false}, {"idx": 2, "real_pos": [0.30000001192092896, -0.0, 1.648904800415039], "real_ori": [-0.0, -0.0, -0.0, 1.0], "vel": [0.0, -0.0, 0.010100425221025944], "acc": [0.0, -0.0, 0.01823139190673828], "ang_vel": [0.0, -0.0, -0.0], "ang_acc": [0.0, -0.0, -0.0], "has_col": false, "col_obj_id": 171, "time_start": 1733075500.5185373, "pcd_len": 6321, "ch_pts_len": 1259, "plan_len": 0, "replan_cnt": 3, "map_pos": [0.30000001192092896, 0.0, 1.677391529083252], "plan_pos": [0.30000001192092896, 0.0, 1.677391529083252], "time_end": 1733075500.6221929, "gloal_reached": false}, {"idx": 3, "real_pos": [0.30000001192092896, -0.0, 1.6498409509658813], "real_ori": [-0.0, -0.0, -0.0, 1.0], "vel": [0.0, -0.0, 0.011579273268580437], "acc": [0.0, -0.0, 0.011910438537597656], "ang_vel": [0.0, -0.0, -0.0], "ang_acc": [0.0, -0.0, -0.0], "has_col": false, "col_obj_id": 171, "time_start": 1733075500.6291952, "pcd_len": 6318, "ch_pts_len": 205, "plan_len": 0, "replan_cnt": 4, "map_pos": [0.30000001192092896, 0.0, 1.677391529083252], "plan_pos": [0.30000001192092896, 0.0, 1.677391529083252], "time_end": 1733075500.7447367, "gloal_reached": false}, {"idx": 4, "real_pos": [0.30000001192092896, -0.0, 1.6511346101760864], "real_ori": [-0.0, -0.0, -0.0, 1.0], "vel": [0.0, -0.0, 0.012584659270942211], "acc": [0.0, -0.0, 0.006464958190917969], "ang_vel": [0.0, -0.0, -0.0], "ang_acc": [0.0, -0.0, -0.0], "has_col": false, "col_obj_id": 171, "time_start": 1733075500.750097, "pcd_len": 6325, "ch_pts_len": 223, "plan_len": 0, "replan_cnt": 5, "map_pos": [0.30000001192092896, 0.0, 1.677391529083252], "plan_pos": [0.30000001192092896, 0.0, 1.677391529083252], "time_end": 1733075500.8339205, "gloal_reached": false}, {"idx": 5, "real_pos": [0.30000001192092896, -0.0, 1.6522027254104614], "real_ori": [-0.0, -0.0, -0.0, 1.0], "vel": [0.0, -0.0, 0.012979058548808098], "acc": [0.0, -0.0, 0.00337982177734375], "ang_vel": [0.0, -0.0, -0.0], "ang_acc": [0.0, -0.0, -0.0], "has_col": false, "col_obj_id": 171, "time_start": 1733075500.8385615, "pcd_len": 6327, "ch_pts_len": 265, "plan_len": 0, "replan_cnt": 6, "map_pos": [0.30000001192092896, 0.0, 1.677391529083252], "plan_pos": [0.30000001192092896, 0.0, 1.677391529083252], "time_end": 1733075500.9214916, "gloal_reached": false}, {"idx": 6, "real_pos": [0.30000001192092896, -0.0, 1.6532593965530396], "real_ori": [-0.0, -0.0, -0.0, 1.0], "vel": [0.0, -0.0, 0.01315377652645111], "acc": [0.0, -0.0, 0.0007457733154296875], "ang_vel": [0.0, -0.0, -0.0], "ang_acc": [0.0, -0.0, -0.0], "has_col": false, "col_obj_id": 171, "time_start": 1733075500.9370325, "pcd_len": 6328, "ch_pts_len": 320, "plan_len": 0, "replan_cnt": 7, "map_pos": [0.30000001192092896, 0.0, 1.677391529083252], "plan_pos": [0.30000001192092896, 0.0, 1.677391529083252], "time_end": 1733075501.245453, "gloal_reached": false}, {"idx": 7, "real_pos": [0.30000001192092896, -0.0, 1.6571546792984009], "real_ori": [-0.0, -0.0, -0.0, 1.0], "vel": [0.0, -0.0, 0.01251007616519928], "acc": [0.0, -0.0, -0.0044002532958984375], "ang_vel": [0.0, -0.0, -0.0], "ang_acc": [0.0, -0.0, -0.0], "has_col": false, "col_obj_id": 171, "time_start": 1733075501.257968, "pcd_len": 6326, "ch_pts_len": 466, "plan_len": 0, "replan_cnt": 8, "map_pos": [0.30000001192092896, 0.0, 1.677391529083252], "plan_pos": [0.30000001192092896, 0.0, 1.677391529083252], "time_end": 1733075501.3477325, "gloal_reached": false}, {"idx": 8, "real_pos": [0.30000001192092896, -0.0, 1.6581939458847046], "real_ori": [-0.0, -0.0, -0.0, 1.0], "vel": [0.0, -0.0, 0.012091601267457008], "acc": [0.0, -0.0, -0.0051746368408203125], "ang_vel": [0.0, -0.0, -0.0], "ang_acc": [0.0, -0.0, -0.0], "has_col": false, "col_obj_id": 171, "time_start": 1733075501.3526998, "pcd_len": 6330, "ch_pts_len": 439, "plan_len": 0, "replan_cnt": 9, "map_pos": [0.30000001192092896, 0.0, 1.677391529083252], "plan_pos": [0.30000001192092896, 0.0, 1.677391529083252], "time_end": 1733075501.4597368, "gloal_reached": false}, {"idx": 9, "real_pos": [0.30000001192092896, -0.0, 1.659407615661621], "real_ori": [-0.0, -0.0, -0.0, 1.0], "vel": [0.0, -0.0, 0.011530513875186443], "acc": [0.0, -0.0, -0.0057811737060546875], "ang_vel": [0.0, -0.0, -0.0], "ang_acc": [0.0, -0.0, -0.0], "has_col": false, "col_obj_id": 171, "time_start": 1733075501.4659903, "pcd_len": 6329, "ch_pts_len": 250, "plan_len": 0, "replan_cnt": 10, "map_pos": [0.30000001192092896, 0.0, 1.677391529083252], "plan_pos": [0.30000001192092896, 0.0, 1.677391529083252], "time_end": 1733075501.5510228, "gloal_reached": false}, {"idx": 10, "real_pos": [0.30000001192092896, -0.0, 1.6603628396987915], "real_ori": [-0.0, -0.0, -0.0, 1.0], "vel": [0.0, -0.0, 0.011030853725969791], "acc": [0.0, -0.0, -0.0060882568359375], "ang_vel": [0.0, -0.0, -0.0], "ang_acc": [0.0, -0.0, -0.0], "has_col": false, "col_obj_id": 171, "time_start": 1733075501.5587416, "pcd_len": 6331, "ch_pts_len": 310, "plan_len": 0, "replan_cnt": 11, "map_pos": [0.30000001192092896, 0.0, 1.677391529083252], "plan_pos": [0.30000001192092896, 0.0, 1.677391529083252], "time_end": 1733075501.6478624, "gloal_reached": false}, {"idx": 11, "real_pos": [0.30000001192092896, -0.0, 1.6612436771392822], "real_ori": [-0.0, -0.0, -0.0, 1.0], "vel": [0.0, -0.0, 0.010492609813809395], "acc": [0.0, -0.0, -0.006264686584472656], "ang_vel": [0.0, -0.0, -0.0], "ang_acc": [0.0, -0.0, -0.0], "has_col": false, "col_obj_id": 171, "time_start": 1733075501.6551716, "pcd_len": 6331, "ch_pts_len": 249, "plan_len": 0, "replan_cnt": 12, "map_pos": [0.30000001192092896, 0.0, 1.677391529083252], "plan_pos": [0.30000001192092896, 0.0, 1.677391529083252], "time_end": 1733075501.7330906, "gloal_reached": false}, {"idx": 12, "real_pos": [0.30000001192092896, -0.0, 1.662113904953003], "real_ori": [-0.0, -0.0, -0.0, 1.0], "vel": [0.0, -0.0, 0.010020106099545956], "acc": [0.0, -0.0, -0.0063228607177734375], "ang_vel": [0.0, -0.0, -0.0], "ang_acc": [0.0, -0.0, -0.0], "has_col": false, "col_obj_id": 171, "time_start": 1733075501.7395384, "pcd_len": 6328, "ch_pts_len": 226, "plan_len": 0, "replan_cnt": 13, "map_pos": [0.30000001192092896, 0.0, 1.677391529083252], "plan_pos": [0.30000001192092896, 0.0, 1.677391529083252], "time_end": 1733075501.8345175, "gloal_reached": false}, {"idx": 13, "real_pos": [0.30000001192092896, -0.0, 1.6629682779312134], "real_ori": [-0.0, -0.0, -0.0, 1.0], "vel": [0.0, -0.0, 0.009432954713702202], "acc": [0.0, -0.0, -0.0062885284423828125], "ang_vel": [0.0, -0.0, -0.0], "ang_acc": [0.0, -0.0, -0.0], "has_col": false, "col_obj_id": 171, "time_start": 1733075501.8408926, "pcd_len": 6321, "ch_pts_len": 194, "plan_len": 0, "replan_cnt": 14, "map_pos": [0.30000001192092896, 0.0, 1.677391529083252], "plan_pos": [0.30000001192092896, 0.0, 1.677391529083252], "time_end": 1733075501.923709, "gloal_reached": false}, {"idx": 14, "real_pos": [0.30000001192092896, -0.0, 1.663775086402893], "real_ori": [-0.0, -0.0, -0.0, 1.0], "vel": [0.0, -0.0, 0.00892674271017313], "acc": [0.0, -0.0, -0.006199836730957031], "ang_vel": [0.0, -0.0, -0.0], "ang_acc": [0.0, -0.0, -0.0], "has_col": false, "col_obj_id": 171, "time_start": 1733075501.9299855, "pcd_len": 6325, "ch_pts_len": 182, "plan_len": 0, "replan_cnt": 15, "map_pos": [0.30000001192092896, 0.0, 1.677391529083252], "plan_pos": [0.30000001192092896, 0.0, 1.677391529083252], "time_end": 1733075502.0176125, "gloal_reached": false}, {"idx": 15, "real_pos": [0.30000001192092896, -0.0, 1.664483904838562], "real_ori": [-0.0, -0.0, -0.0, 1.0], "vel": [0.0, -0.0, 0.00839362945407629], "acc": [0.0, -0.0, -0.006049156188964844], "ang_vel": [0.0, -0.0, -0.0], "ang_acc": [0.0, -0.0, -0.0], "has_col": false, "col_obj_id": 171, "time_start": 1733075502.0242705, "pcd_len": 6320, "ch_pts_len": 170, "plan_len": 0, "replan_cnt": 16, "map_pos": [0.30000001192092896, 0.0, 1.677391529083252], "plan_pos": [0.30000001192092896, 0.0, 1.677391529083252], "time_end": 1733075502.1103911, "gloal_reached": false}, {"idx": 16, "real_pos": [0.30000001192092896, -0.0, 1.6651769876480103], "real_ori": [-0.0, -0.0, -0.0, 1.0], "vel": [0.0, -0.0, 0.00791079644113779], "acc": [0.0, -0.0, -0.005869865417480469], "ang_vel": [0.0, -0.0, -0.0], "ang_acc": [0.0, -0.0, -0.0], "has_col": false, "col_obj_id": 171, "time_start": 1733075502.1163065, "pcd_len": 6320, "ch_pts_len": 153, "plan_len": 0, "replan_cnt": 17, "map_pos": [0.30000001192092896, 0.0, 1.677391529083252], "plan_pos": [0.30000001192092896, 0.0, 1.677391529083252], "time_end": 1733075502.2004962, "gloal_reached": false}, {"idx": 17, "real_pos": [0.30000001192092896, -0.0, 1.6659404039382935], "real_ori": [-0.0, -0.0, -0.0, 1.0], "vel": [0.0, -0.0, 0.007392627187073231], "acc": [0.0, -0.0, -0.0056400299072265625], "ang_vel": [0.0, -0.0, -0.0], "ang_acc": [0.0, -0.0, -0.0], "has_col": false, "col_obj_id": 171, "time_start": 1733075502.2196405, "pcd_len": 6325, "ch_pts_len": 186, "plan_len": 0, "replan_cnt": 18, "map_pos": [0.30000001192092896, 0.0, 1.677391529083252], "plan_pos": [0.30000001192092896, 0.0, 1.677391529083252], "time_end": 1733075502.308352, "gloal_reached": false}, {"idx": 18, "real_pos": [0.30000001192092896, -0.0, 1.6665444374084473], "real_ori": [-0.0, -0.0, -0.0, 1.0], "vel": [0.0, -0.0, 0.006896039471030235], "acc": [0.0, -0.0, -0.00539398193359375], "ang_vel": [0.0, -0.0, -0.0], "ang_acc": [0.0, -0.0, -0.0], "has_col": false, "col_obj_id": 171, "time_start": 1733075502.3145294, "pcd_len": 6324, "ch_pts_len": 145, "plan_len": 0, "replan_cnt": 19, "map_pos": [0.30000001192092896, 0.0, 1.677391529083252], "plan_pos": [0.30000001192092896, 0.0, 1.677391529083252], "time_end": 1733075502.4073203, "gloal_reached": false}, {"idx": 19, "real_pos": [0.30000001192092896, -0.0, 1.6670910120010376], "real_ori": [-0.0, -0.0, -0.0, 1.0], "vel": [0.0, -0.0, 0.0064224060624837875], "acc": [0.0, -0.0, -0.005129814147949219], "ang_vel": [0.0, -0.0, -0.0], "ang_acc": [0.0, -0.0, -0.0], "has_col": false, "col_obj_id": 171, "time_start": 1733075502.4136646, "pcd_len": 6324, "ch_pts_len": 139, "plan_len": 0, "replan_cnt": 20, "map_pos": [0.30000001192092896, 0.0, 1.677391529083252], "plan_pos": [0.30000001192092896, 0.0, 1.677391529083252], "time_end": 1733075502.496159, "gloal_reached": false}, {"idx": 20, "real_pos": [0.30000001192092896, -0.0, 1.6676398515701294], "real_ori": [-0.0, -0.0, -0.0, 1.0], "vel": [0.0, -0.0, 0.0060169207863509655], "acc": [0.0, -0.0, -0.0048809051513671875], "ang_vel": [0.0, -0.0, -0.0], "ang_acc": [0.0, -0.0, -0.0], "has_col": false, "col_obj_id": 171, "time_start": 1733075502.5014513, "pcd_len": 6320, "ch_pts_len": 159, "plan_len": 0, "replan_cnt": 21, "map_pos": [0.30000001192092896, 0.0, 1.677391529083252], "plan_pos": [0.30000001192092896, 0.0, 1.677391529083252], "time_end": 1733075502.5859814, "gloal_reached": false}, {"idx": 21, "real_pos": [0.30000001192092896, -0.0, 1.668236255645752], "real_ori": [-0.0, -0.0, -0.0, 1.0], "vel": [0.0, -0.0, 0.005576007533818483], "acc": [0.0, -0.0, -0.00460052490234375], "ang_vel": [0.0, -0.0, -0.0], "ang_acc": [0.0, -0.0, -0.0], "has_col": false, "col_obj_id": 171, "time_start": 1733075502.6047459, "pcd_len": 6325, "ch_pts_len": 165, "plan_len": 0, "replan_cnt": 22, "map_pos": [0.30000001192092896, 0.0, 1.677391529083252], "plan_pos": [0.30000001192092896, 0.0, 1.677391529083252], "time_end": 1733075502.6998947, "gloal_reached": false}, {"idx": 22, "real_pos": [0.30000001192092896, -0.0, 1.6686909198760986], "real_ori": [-0.0, -0.0, -0.0, 1.0], "vel": [0.0, -0.0, 0.005161350592970848], "acc": [0.0, -0.0, -0.0043182373046875], "ang_vel": [0.0, -0.0, -0.0], "ang_acc": [0.0, -0.0, -0.0], "has_col": false, "col_obj_id": 171, "time_start": 1733075502.7052183, "pcd_len": 6322, "ch_pts_len": 152, "plan_len": 0, "replan_cnt": 23, "map_pos": [0.30000001192092896, 0.0, 1.677391529083252], "plan_pos": [0.30000001192092896, 0.0, 1.677391529083252], "time_end": 1733075502.792132, "gloal_reached": false}, {"idx": 23, "real_pos": [0.30000001192092896, -0.0, 1.6690855026245117], "real_ori": [-0.0, -0.0, -0.0, 1.0], "vel": [0.0, -0.0, 0.004809159319847822], "acc": [0.0, -0.0, -0.004070281982421875], "ang_vel": [0.0, -0.0, -0.0], "ang_acc": [0.0, -0.0, -0.0], "has_col": false, "col_obj_id": 171, "time_start": 1733075502.7982705, "pcd_len": 6320, "ch_pts_len": 221, "plan_len": 0, "replan_cnt": 24, "map_pos": [0.30000001192092896, 0.0, 1.677391529083252], "plan_pos": [0.30000001192092896, 0.0, 1.677391529083252], "time_end": 1733075502.8805013, "gloal_reached": false}, {"idx": 24, "real_pos": [0.30000001192092896, -0.0, 1.669495940208435], "real_ori": [-0.0, -0.0, -0.0, 1.0], "vel": [0.0, -0.0, 0.004488946404308081], "acc": [0.0, -0.0, -0.00383758544921875], "ang_vel": [0.0, -0.0, -0.0], "ang_acc": [0.0, -0.0, -0.0], "has_col": false, "col_obj_id": 171, "time_start": 1733075502.8867352, "pcd_len": 6320, "ch_pts_len": 226, "plan_len": 0, "replan_cnt": 25, "map_pos": [0.30000001192092896, 0.0, 1.677391529083252], "plan_pos": [0.30000001192092896, 0.0, 1.677391529083252], "time_end": 1733075502.9690514, "gloal_reached": false}, {"idx": 25, "real_pos": [0.30000001192092896, -0.0, 1.6699401140213013], "real_ori": [-0.0, -0.0, -0.0, 1.0], "vel": [0.0, -0.0, 0.004154795315116644], "acc": [0.0, -0.0, -0.003589630126953125], "ang_vel": [0.0, -0.0, -0.0], "ang_acc": [0.0, -0.0, -0.0], "has_col": false, "col_obj_id": 171, "time_start": 1733075502.9880555, "pcd_len": 6321, "ch_pts_len": 189, "plan_len": 0, "replan_cnt": 26, "map_pos": [0.30000001192092896, 0.0, 1.677391529083252], "plan_pos": [0.30000001192092896, 0.0, 1.677391529083252], "time_end": 1733075503.0889788, "gloal_reached": false}, {"idx": 26, "real_pos": [0.30000001192092896, -0.0, 1.6702892780303955], "real_ori": [-0.0, -0.0, -0.0, 1.0], "vel": [0.0, -0.0, 0.003822669619694352], "acc": [0.0, -0.0, -0.0033321380615234375], "ang_vel": [0.0, -0.0, -0.0], "ang_acc": [0.0, -0.0, -0.0], "has_col": false, "col_obj_id": 171, "time_start": 1733075503.094814, "pcd_len": 6323, "ch_pts_len": 173, "plan_len": 0, "replan_cnt": 27, "map_pos": [0.30000001192092896, 0.0, 1.677391529083252], "plan_pos": [0.30000001192092896, 0.0, 1.677391529083252], "time_end": 1733075503.206177, "gloal_reached": false}, {"idx": 27, "real_pos": [0.30000001192092896, -0.0, 1.670655608177185], "real_ori": [-0.0, -0.0, -0.0, 1.0], "vel": [0.0, -0.0, 0.003477551508694887], "acc": [0.0, -0.0, -0.0030612945556640625], "ang_vel": [0.0, -0.0, -0.0], "ang_acc": [0.0, -0.0, -0.0], "has_col": false, "col_obj_id": 171, "time_start": 1733075503.2126691, "pcd_len": 6328, "ch_pts_len": 207, "plan_len": 0, "replan_cnt": 28, "map_pos": [0.30000001192092896, 0.0, 1.677391529083252], "plan_pos": [0.30000001192092896, 0.0, 1.677391529083252], "time_end": 1733075503.3282256, "gloal_reached": false}, {"idx": 28, "real_pos": [0.30000001192092896, -0.0, 1.6710302829742432], "real_ori": [-0.0, -0.0, -0.0, 1.0], "vel": [0.0, -0.0, 0.0031526556704193354], "acc": [0.0, -0.0, -0.0027971267700195312], "ang_vel": [0.0, -0.0, -0.0], "ang_acc": [0.0, -0.0, -0.0], "has_col": false, "col_obj_id": 171, "time_start": 1733075503.3363667, "pcd_len": 6323, "ch_pts_len": 188, "plan_len": 0, "replan_cnt": 29, "map_pos": [0.30000001192092896, 0.0, 1.677391529083252], "plan_pos": [0.30000001192092896, 0.0, 1.677391529083252], "time_end": 1733075503.4451616, "gloal_reached": false}, {"idx": 29, "real_pos": [0.30000001192092896, -0.0, 1.671370029449463], "real_ori": [-0.0, -0.0, -0.0, 1.0], "vel": [0.0, -0.0, 0.0028709066100418568], "acc": [0.0, -0.0, -0.00257110595703125], "ang_vel": [0.0, -0.0, -0.0], "ang_acc": [0.0, -0.0, -0.0], "has_col": false, "col_obj_id": 171, "time_start": 1733075503.4512026, "pcd_len": 6322, "ch_pts_len": 202, "plan_len": 0, "replan_cnt": 30, "map_pos": [0.30000001192092896, 0.0, 1.677391529083252], "plan_pos": [0.30000001192092896, 0.0, 1.677391529083252], "time_end": 1733075503.534955, "gloal_reached": false}, {"idx": 30, "real_pos": [0.30000001192092896, -0.0, 1.6716054677963257], "real_ori": [-0.0, -0.0, -0.0, 1.0], "vel": [0.0, -0.0, 0.0026697826106101274], "acc": [0.0, -0.0, -0.0023965835571289062], "ang_vel": [0.0, -0.0, -0.0], "ang_acc": [0.0, -0.0, -0.0], "has_col": false, "col_obj_id": 171, "time_start": 1733075503.5407825, "pcd_len": 6320, "ch_pts_len": 174, "plan_len": 0, "replan_cnt": 31, "map_pos": [0.30000001192092896, 0.0, 1.677391529083252], "plan_pos": [0.30000001192092896, 0.0, 1.677391529083252], "time_end": 1733075503.6374805, "gloal_reached": false}, {"idx": 31, "real_pos": [0.30000001192092896, -0.0, 1.6718462705612183], "real_ori": [-0.0, -0.0, -0.0, 1.0], "vel": [0.0, -0.0, 0.0024555353447794914], "acc": [0.0, -0.0, -0.0022134780883789062], "ang_vel": [0.0, -0.0, -0.0], "ang_acc": [0.0, -0.0, -0.0], "has_col": false, "col_obj_id": 171, "time_start": 1733075503.6429083, "pcd_len": 6313, "ch_pts_len": 173, "plan_len": 0, "replan_cnt": 32, "map_pos": [0.30000001192092896, 0.0, 1.677391529083252], "plan_pos": [0.30000001192092896, 0.0, 1.677391529083252], "time_end": 1733075503.724334, "gloal_reached": false}, {"idx": 32, "real_pos": [0.30000001192092896, -0.0, 1.6720401048660278], "real_ori": [-0.0, -0.0, -0.0, 1.0], "vel": [0.0, -0.0, 0.0022884169593453407], "acc": [0.0, -0.0, -0.0020704269409179688], "ang_vel": [0.0, -0.0, -0.0], "ang_acc": [0.0, -0.0, -0.0], "has_col": false, "col_obj_id": 171, "time_start": 1733075503.7297118, "pcd_len": 6310, "ch_pts_len": 187, "plan_len": 0, "replan_cnt": 33, "map_pos": [0.30000001192092896, 0.0, 1.677391529083252], "plan_pos": [0.30000001192092896, 0.0, 1.677391529083252], "time_end": 1733075503.8266635, "gloal_reached": false}, {"idx": 33, "real_pos": [0.30000001192092896, -0.0, 1.672220230102539], "real_ori": [-0.0, -0.0, -0.0, 1.0], "vel": [0.0, -0.0, 0.0021032188087701797], "acc": [0.0, -0.0, -0.0019121170043945312], "ang_vel": [0.0, -0.0, -0.0], "ang_acc": [0.0, -0.0, -0.0], "has_col": false, "col_obj_id": 171, "time_start": 1733075503.8335125, "pcd_len": 6310, "ch_pts_len": 146, "plan_len": 0, "replan_cnt": 34, "map_pos": [0.30000001192092896, 0.0, 1.677391529083252], "plan_pos": [0.30000001192092896, 0.0, 1.677391529083252], "time_end": 1733075503.9429111, "gloal_reached": false}, {"idx": 34, "real_pos": [0.30000001192092896, -0.0, 1.6724408864974976], "real_ori": [-0.0, -0.0, -0.0, 1.0], "vel": [0.0, -0.0, 0.001906219171360135], "acc": [0.0, -0.0, -0.0017404556274414062], "ang_vel": [0.0, -0.0, -0.0], "ang_acc": [0.0, -0.0, -0.0], "has_col": false, "col_obj_id": 171, "time_start": 1733075503.9498215, "pcd_len": 6310, "ch_pts_len": 125, "plan_len": 0, "replan_cnt": 35, "map_pos": [0.30000001192092896, 0.0, 1.677391529083252], "plan_pos": [0.30000001192092896, 0.0, 1.677391529083252], "time_end": 1733075504.0398717, "gloal_reached": false}, {"idx": 35, "real_pos": [0.30000001192092896, -0.0, 1.672608733177185], "real_ori": [-0.0, -0.0, -0.0, 1.0], "vel": [0.0, -0.0, 0.0017604809254407883], "acc": [0.0, -0.0, -0.0016107559204101562], "ang_vel": [0.0, -0.0, -0.0], "ang_acc": [0.0, -0.0, -0.0], "has_col": false, "col_obj_id": 171, "time_start": 1733075504.0475473, "pcd_len": 6313, "ch_pts_len": 140, "plan_len": 0, "replan_cnt": 36, "map_pos": [0.30000001192092896, 0.0, 1.677391529083252], "plan_pos": [0.30000001192092896, 0.0, 1.677391529083252], "time_end": 1733075504.1526208, "gloal_reached": false}, {"idx": 36, "real_pos": [0.30000001192092896, -0.0, 1.6727830171585083], "real_ori": [-0.0, -0.0, -0.0, 1.0], "vel": [0.0, -0.0, 0.001603351323865354], "acc": [0.0, -0.0, -0.00147247314453125], "ang_vel": [0.0, -0.0, -0.0], "ang_acc": [0.0, -0.0, -0.0], "has_col": false, "col_obj_id": 171, "time_start": 1733075504.1599655, "pcd_len": 6318, "ch_pts_len": 136, "plan_len": 0, "replan_cnt": 37, "map_pos": [0.30000001192092896, 0.0, 1.677391529083252], "plan_pos": [0.30000001192092896, 0.0, 1.677391529083252], "time_end": 1733075504.2833006, "gloal_reached": false}, {"idx": 37, "real_pos": [0.30000001192092896, -0.0, 1.6729551553726196], "real_ori": [-0.0, -0.0, -0.0, 1.0], "vel": [0.0, -0.0, 0.00143959850538522], "acc": [0.0, -0.0, -0.0013284683227539062], "ang_vel": [0.0, -0.0, -0.0], "ang_acc": [0.0, -0.0, -0.0], "has_col": false, "col_obj_id": 171, "time_start": 1733075504.2898862, "pcd_len": 6314, "ch_pts_len": 160, "plan_len": 0, "replan_cnt": 38, "map_pos": [0.30000001192092896, 0.0, 1.677391529083252], "plan_pos": [0.30000001192092896, 0.0, 1.677391529083252], "time_end": 1733075504.3786643, "gloal_reached": false}, {"idx": 38, "real_pos": [0.30000001192092896, -0.0, 1.6731144189834595], "real_ori": [-0.0, -0.0, -0.0, 1.0], "vel": [0.0, -0.0, 0.0013175758067518473], "acc": [0.0, -0.0, -0.0012178421020507812], "ang_vel": [0.0, -0.0, -0.0], "ang_acc": [0.0, -0.0, -0.0], "has_col": false, "col_obj_id": 171, "time_start": 1733075504.395149, "pcd_len": 6310, "ch_pts_len": 217, "plan_len": 0, "replan_cnt": 39, "map_pos": [0.30000001192092896, 0.0, 1.677391529083252], "plan_pos": [0.30000001192092896, 0.0, 1.677391529083252], "time_end": 1733075504.4832067, "gloal_reached": false}, {"idx": 39, "real_pos": [0.30000001192092896, -0.0, 1.673214077949524], "real_ori": [-0.0, -0.0, -0.0, 1.0], "vel": [0.0, -0.0, 0.0012191557325422764], "acc": [0.0, -0.0, -0.0011272430419921875], "ang_vel": [0.0, -0.0, -0.0], "ang_acc": [0.0, -0.0, -0.0], "has_col": false, "col_obj_id": 171, "time_start": 1733075504.4898436, "pcd_len": 6311, "ch_pts_len": 152, "plan_len": 0, "replan_cnt": 40, "map_pos": [0.30000001192092896, 0.0, 1.677391529083252], "plan_pos": [0.30000001192092896, 0.0, 1.677391529083252], "time_end": 1733075504.5902255, "gloal_reached": false}, {"idx": 40, "real_pos": [0.30000001192092896, -0.0, 1.6733241081237793], "real_ori": [-0.0, -0.0, -0.0, 1.0], "vel": [0.0, -0.0, 0.0011154115200042725], "acc": [0.0, -0.0, -0.0010366439819335938], "ang_vel": [0.0, -0.0, -0.0], "ang_acc": [0.0, -0.0, -0.0], "has_col": false, "col_obj_id": 171, "time_start": 1733075504.5974224, "pcd_len": 6310, "ch_pts_len": 149, "plan_len": 0, "replan_cnt": 41, "map_pos": [0.30000001192092896, 0.0, 1.677391529083252], "plan_pos": [0.30000001192092896, 0.0, 1.677391529083252], "time_end": 1733075504.6793702, "gloal_reached": false}, {"idx": 41, "real_pos": [0.30000001192092896, -0.0, 1.6734153032302856], "real_ori": [-0.0, -0.0, -0.0, 1.0], "vel": [0.0, -0.0, 0.0010346202179789543], "acc": [0.0, -0.0, -0.0009622573852539062], "ang_vel": [0.0, -0.0, -0.0], "ang_acc": [0.0, -0.0, -0.0], "has_col": false, "col_obj_id": 171, "time_start": 1733075504.6860929, "pcd_len": 6313, "ch_pts_len": 147, "plan_len": 0, "replan_cnt": 42, "map_pos": [0.30000001192092896, 0.0, 1.677391529083252], "plan_pos": [0.30000001192092896, 0.0, 1.677391529083252], "time_end": 1733075504.7734344, "gloal_reached": false}, {"idx": 42, "real_pos": [0.30000001192092896, -0.0, 1.6734998226165771], "real_ori": [-0.0, -0.0, -0.0, 1.0], "vel": [0.0, -0.0, 0.0009516313439235091], "acc": [0.0, -0.0, -0.0008840560913085938], "ang_vel": [0.0, -0.0, -0.0], "ang_acc": [0.0, -0.0, -0.0], "has_col": false, "col_obj_id": 171, "time_start": 1733075504.7841108, "pcd_len": 6317, "ch_pts_len": 193, "plan_len": 0, "replan_cnt": 43, "map_pos": [0.30000001192092896, 0.0, 1.677391529083252], "plan_pos": [0.30000001192092896, 0.0, 1.677391529083252], "time_end": 1733075505.0414658, "gloal_reached": false}, {"idx": 43, "real_pos": [0.30000001192092896, -0.0, 1.6737219095230103], "real_ori": [-0.0, -0.0, -0.0, 1.0], "vel": [0.0, -0.0, 0.0007608369924128056], "acc": [0.0, -0.0, -0.0007123947143554688], "ang_vel": [0.0, -0.0, -0.0], "ang_acc": [0.0, -0.0, -0.0], "has_col": false, "col_obj_id": 171, "time_start": 1733075505.0481532, "pcd_len": 6311, "ch_pts_len": 145, "plan_len": 0, "replan_cnt": 44, "map_pos": [0.30000001192092896, 0.0, 1.677391529083252], "plan_pos": [0.30000001192092896, 0.0, 1.677391529083252], "time_end": 1733075505.1461942, "gloal_reached": false}, {"idx": 44, "real_pos": [0.30000001192092896, -0.0, 1.6737812757492065], "real_ori": [-0.0, -0.0, -0.0, 1.0], "vel": [0.0, -0.0, 0.0006916944985277951], "acc": [0.0, -0.0, -0.00064849853515625], "ang_vel": [0.0, -0.0, -0.0], "ang_acc": [0.0, -0.0, -0.0], "has_col": false, "col_obj_id": 171, "time_start": 1733075505.1618567, "pcd_len": 6310, "ch_pts_len": 156, "plan_len": 0, "replan_cnt": 45, "map_pos": [0.30000001192092896, 0.0, 1.677391529083252], "plan_pos": [0.30000001192092896, 0.0, 1.677391529083252], "time_end": 1733075505.240837, "gloal_reached": false}, {"idx": 45, "real_pos": [0.30000001192092896, -0.0, 1.6738382577896118], "real_ori": [-0.0, -0.0, -0.0, 1.0], "vel": [0.0, -0.0, 0.0006430661305785179], "acc": [0.0, -0.0, -0.0006017684936523438], "ang_vel": [0.0, -0.0, -0.0], "ang_acc": [0.0, -0.0, -0.0], "has_col": false, "col_obj_id": 171, "time_start": 1733075505.2466962, "pcd_len": 6312, "ch_pts_len": 137, "plan_len": 0, "replan_cnt": 46, "map_pos": [0.30000001192092896, 0.0, 1.677391529083252], "plan_pos": [0.30000001192092896, 0.0, 1.677391529083252], "time_end": 1733075505.3311672, "gloal_reached": false}, {"idx": 46, "real_pos": [0.30000001192092896, -0.0, 1.673888921737671], "real_ori": [-0.0, -0.0, -0.0, 1.0], "vel": [0.0, -0.0, 0.0005961685674265027], "acc": [0.0, -0.0, -0.0005550384521484375], "ang_vel": [0.0, -0.0, -0.0], "ang_acc": [0.0, -0.0, -0.0], "has_col": false, "col_obj_id": 171, "time_start": 1733075505.33843, "pcd_len": 6315, "ch_pts_len": 137, "plan_len": 0, "replan_cnt": 47, "map_pos": [0.30000001192092896, 0.0, 1.677391529083252], "plan_pos": [0.30000001192092896, 0.0, 1.677391529083252], "time_end": 1733075505.4305606, "gloal_reached": false}, {"idx": 47, "real_pos": [0.30000001192092896, -0.0, 1.6739394664764404], "real_ori": [-0.0, -0.0, -0.0, 1.0], "vel": [0.0, -0.0, 0.000548100913874805], "acc": [0.0, -0.0, -0.0005102157592773438], "ang_vel": [0.0, -0.0, -0.0], "ang_acc": [0.0, -0.0, -0.0], "has_col": false, "col_obj_id": 171, "time_start": 1733075505.4370718, "pcd_len": 6318, "ch_pts_len": 122, "plan_len": 0, "replan_cnt": 48, "map_pos": [0.30000001192092896, 0.0, 1.677391529083252], "plan_pos": [0.30000001192092896, 0.0, 1.677391529083252], "time_end": 1733075505.5276904, "gloal_reached": false}, {"idx": 48, "real_pos": [0.30000001192092896, -0.0, 1.6739890575408936], "real_ori": [-0.0, -0.0, -0.0, 1.0], "vel": [0.0, -0.0, 0.0005038055242039263], "acc": [0.0, -0.0, -0.00047016143798828125], "ang_vel": [0.0, -0.0, -0.0], "ang_acc": [0.0, -0.0, -0.0], "has_col": false, "col_obj_id": 171, "time_start": 1733075505.5368845, "pcd_len": 6317, "ch_pts_len": 158, "plan_len": 0, "replan_cnt": 49, "map_pos": [0.30000001192092896, 0.0, 1.677391529083252], "plan_pos": [0.30000001192092896, 0.0, 1.677391529083252], "time_end": 1733075505.650351, "gloal_reached": false}, {"idx": 49, "real_pos": [0.30000001192092896, -0.0, 1.6740447282791138], "real_ori": [-0.0, -0.0, -0.0, 1.0], "vel": [0.0, -0.0, 0.0004539026413112879], "acc": [0.0, -0.0, -0.00043201446533203125], "ang_vel": [0.0, -0.0, -0.0], "ang_acc": [0.0, -0.0, -0.0], "has_col": false, "col_obj_id": 171, "time_start": 1733075505.6582632, "pcd_len": 6319, "ch_pts_len": 148, "plan_len": 0, "replan_cnt": 50, "map_pos": [0.30000001192092896, 0.0, 1.677391529083252], "plan_pos": [0.30000001192092896, 0.0, 1.677391529083252], "time_end": 1733075505.7530181, "gloal_reached": false}, {"idx": 50, "real_pos": [0.30000001192092896, -0.0, 1.67408287525177], "real_ori": [-0.0, -0.0, -0.0, 1.0], "vel": [0.0, -0.0, 0.00041597901144996285], "acc": [0.0, -0.0, -0.00039577484130859375], "ang_vel": [0.0, -0.0, -0.0], "ang_acc": [0.0, -0.0, -0.0], "has_col": false, "col_obj_id": 171, "time_start": 1733075505.7610862, "pcd_len": 6319, "ch_pts_len": 128, "plan_len": 0, "replan_cnt": 51, "map_pos": [0.30000001192092896, 0.0, 1.677391529083252], "plan_pos": [0.30000001192092896, 0.0, 1.677391529083252], "time_end": 1733075505.886809, "gloal_reached": false}]}